Word;Category
constipate;V
bleed;V
lynch;V
corrugate;V
metrify;V
fructify;V
enact;V
outclass;V
consist;V
eventuate;V
empower;V
activate;V
overrun;V
collimate;V
undernourish;V
urbanize;V
elicit;V
indurate;V
summon;V
abate;V
redeploy;V
moisten;V
copulate;V
narcotize;V
metalize;V
clapperclaw;V
entangle;V
suffuse;V
mistranslate;V
centralize;V
have;V
embank;V
originate;V
redevelop;V
validate;V
instill;V
capitulate;V
accede;V
luminesce;V
backbite;V
impregnate;V
prejudge;V
undock;V
perceive;V
anatomize;V
suspend;V
suborn;V
enumerate;V
overproduce;V
cremate;V
victual;V
linearize;V
whish;V
overgrow;V
overtake;V
harshen;V
facilitate;V
embezzle;V
vindicate;V
unlash;V
pupate;V
fictionalize;V
distrain;V
obviate;V
catheterize;V
unblock;V
misgive;V
digitalize;V
insure;V
reconquer;V
remember;V
earn;V
foist;V
nominate;V
aberrate;V
emcee;V
dynamize;V
embitter;V
fertilize;V
lubricate;V
dandify;V
yowl;V
ignore;V
typeset;V
disinfest;V
idealize;V
deface;V
litigate;V
perturb;V
append;V
iterate;V
linger;V
learn;V
restrengthen;V
heckle;V
sing;V
reify;V
outroar;V
whiten;V
engulf;V
jibe;V
perambulate;V
glamorize;V
deprive;V
deactivate;V
injure;V
redouble;V
abdicate;V
obsess;V
implode;V
doff;V
dismiss;V
chronicle;V
resurrect;V
subjoin;V
disintegrate;V
adjust;V
outstay;V
subserve;V
accompany;V
intersperse;V
expectorate;V
tribulate;V
fascinate;V
seethe;V
disown;V
embody;V
disabuse;V
perplex;V
engender;V
decelerate;V
vanish;V
woosh;V
powderize;V
inflict;V
conglobate;V
personify;V
clench;V
abscond;V
help;V
dichotomize;V
vibrate;V
fishtail;V
anthologize;V
propound;V
embrittle;V
contaminate;V
excel;V
syncretize;V
intimidate;V
connote;V
envelop;V
emerge;V
diazotize;V
formulate;V
reread;V
deplore;V
forewarn;V
evade;V
underlay;V
surmount;V
wive;V
precess;V
transact;V
flog;V
tar;V
preconceive;V
seep;V
banish;V
slosh;V
extinguish;V
esterify;V
assassinate;V
strew;V
hew;V
populate;V
botanize;V
pretermit;V
misdate;V
arrogate;V
find;V
disarrange;V
vex;V
muddle;V
lower;V
thrive;V
extradite;V
reface;V
outvote;V
obstinate;V
recover;V
mismanage;V
determine;V
declassify;V
calve;V
overbalance;V
encroach;V
chaw;V
restore;V
chastise;V
incandesce;V
resound;V
teem;V
stroll;V
certify;V
help;V
misperceive;V
chomp;V
reinsure;V
relegate;V
underquote;V
meddle;V
mope;V
alienate;V
shrivel;V
coexist;V
synthesize;V
elate;V
put;V
ogle;V
itemize;V
define;V
wreathe;V
homogenize;V
underspend;V
orchestrate;V
reflate;V
repercuss;V
absolve;V
overtrump;V
individualize;V
solidify;V
discontent;V
dehumidify;V
humiliate;V
nab;V
involve;V
uncork;V
disclaim;V
frap;V
diverge;V
impeach;V
suffice;V
concede;V
predominate;V
convey;V
oversee;V
officialize;V
whine;V
explode;V
syncopate;V
doodle;V
wane;V
professionalize;V
foment;V
deride;V
indoctrinate;V
;V
overdo;V
overreach;V
thrombose;V
nucleate;V
confuse;V
uniformize;V
carmine;V
orb;V
overfeed;V
unspell;V
equate;V
carburet;V
novate;V
exist;V
interrogate;V
examine;V
extricate;V
bestir;V
osculate;V
resuspend;V
flame;V
devitrify;V
impute;V
mispronounce;V
attorn;V
accumulate;V
ditto;V
be;V
decapitate;V
repaint;V
reintegrate;V
handcraft;V
shout;V
refinish;V
dilate;V
magnify;V
locate;V
sew;V
acquit;V
mourn;V
shadowbox;V
recycle;V
ulcerate;V
replant;V
doss;V
overexert;V
demonstrate;V
vitrify;V
concur;V
slight;V
translate;V
blossom;V
circulate;V
extort;V
overawe;V
extract;V
discontinue;V
backpedal;V
fiddle;V
rubricate;V
consonate;V
underdevelop;V
chlorinate;V
tingle;V
uncurl;V
magnetize;V
condense;V
frenchify;V
dominate;V
transform;V
tend;V
ossify;V
collectivize;V
predetermine;V
trumpet;V
mastermind;V
recurve;V
perennate;V
contemn;V
overdose;V
prologize;V
misconstrue;V
abound;V
inweave;V
accrue;V
trifurcate;V
shun;V
decrepitate;V
hibernate;V
straighten;V
announce;V
masturbate;V
install;V
predispose;V
chronologize;V
deem;V
coact;V
breathe;V
dandle;V
dehydrate;V
archaize;V
habilitate;V
shirk;V
humify;V
verify;V
victimize;V
cohere;V
nestle;V
remind;V
itinerate;V
wigwag;V
satisfy;V
unloose;V
cox;V
behold;V
endanger;V
gibbet;V
stridulate;V
denaturalize;V
withhold;V
toddle;V
abolish;V
filiate;V
cloy;V
sidle;V
cavil;V
sculpt;V
despond;V
broach;V
tyrannize;V
befuddle;V
revet;V
transpire;V
feudalize;V
speechify;V
retool;V
queer;V
inscribe;V
unmake;V
recast;V
rewire;V
educate;V
emasculate;V
widen;V
circumambulate;V
potentiate;V
drown;V
finalize;V
clobber;V
hear;V
reconvert;V
embroil;V
smite;V
disunify;V
fasten;V
justify;V
undersign;V
predigest;V
sliver;V
sexualize;V
reprint;V
miscalculate;V
constellate;V
tether;V
jellify;V
sadden;V
reminisce;V
sympathize;V
nutate;V
recondition;V
ovulate;V
intonate;V
exploit;V
compose;V
pressurize;V
presuppose;V
tinkle;V
aggrade;V
holler;V
inspire;V
recopy;V
remodel;V
compare;V
consolidate;V
maraud;V
indispose;V
revolve;V
rosin;V
decerebrate;V
correspond;V
precook;V
gnaw;V
align;V
flocculate;V
backcross;V
dishearten;V
mythologize;V
denature;V
catholicize;V
oscillate;V
embattle;V
dispossess;V
gyrate;V
disapprove;V
vocalize;V
discover;V
enjoy;V
rebuild;V
complexify;V
continue;V
differentiate;V
pluralize;V
bethink;V
sheathe;V
supple;V
ramify;V
sup;V
entrust;V
putrefy;V
sustain;V
skive;V
inoculate;V
quieten;V
predecease;V
elocute;V
consume;V
winkle;V
illustrate;V
boggle;V
partake;V
cutinize;V
happen;V
wean;V
embalm;V
fabricate;V
acerbate;V
reseed;V
outrange;V
cosh;V
literalize;V
placard;V
divert;V
resonate;V
descry;V
detrain;V
alphabetize;V
afforest;V
wharf;V
sibilate;V
abbreviate;V
fledge;V
disestablish;V
argue;V
overpay;V
disavow;V
collocate;V
flame;V
resile;V
analyze;V
rehouse;V
obliterate;V
tipple;V
unclutter;V
bamboozle;V
criticize;V
concoct;V
misbelieve;V
platitudinize;V
enchain;V
overcook;V
terrify;V
resinate;V
disperse;V
unbrace;V
appreciate;V
adopt;V
enjoin;V
prove;V
commit;V
prevent;V
adsorb;V
devolve;V
circumstantiate;V
lapidify;V
angulate;V
attach;V
schematize;V
spiritize;V
rekindle;V
aggrieve;V
impinge;V
divaricate;V
contort;V
macadamize;V
shatter;V
conquer;V
predestine;V
pummel;V
vet;V
overleap;V
sanitize;V
exclaim;V
reproduce;V
defat;V
vivisect;V
subside;V
generate;V
adhere;V
brighten;V
rehearse;V
interstratify;V
swelter;V
explore;V
inhale;V
requite;V
busk;V
compartmentalize;V
tweak;V
catechize;V
demise;V
territorialize;V
discolor;V
ghettoize;V
prickle;V
include;V
hollo;V
plead;V
submerge;V
gladden;V
channelize;V
abscise;V
interlope;V
fatten;V
stonewall;V
diminish;V
intercalate;V
intensify;V
petition;V
applaud;V
overrefine;V
ripen;V
reposition;V
route;V
readmit;V
chuckle;V
dismay;V
enter;V
liberalize;V
preheat;V
bury;V
celebrate;V
antisepticize;V
desecrate;V
attemper;V
conduct;V
flump;V
enrobe;V
violate;V
belabor;V
accurse;V
unclip;V
regulate;V
factorize;V
mongrelize;V
spew;V
denude;V
rehear;V
debar;V
write;V
admit;V
portray;V
misplay;V
consign;V
revalue;V
falter;V
lave;V
conclude;V
utter;V
amortize;V
integrate;V
aluminize;V
delouse;V
untune;V
pursue;V
cogitate;V
skirmish;V
reconvene;V
outdistance;V
commercialize;V
annoy;V
resplend;V
outfight;V
imply;V
forecast;V
thicken;V
animalize;V
undersell;V
heal;V
transubstantiate;V
detach;V
pander;V
make;V
peptize;V
evaporate;V
estivate;V
scrounge;V
disqualify;V
remilitarize;V
tittup;V
featherbed;V
daunt;V
blaspheme;V
yearn;V
cannibalize;V
restock;V
unlearn;V
prepose;V
wend;V
overcrowd;V
unfasten;V
resift;V
reintroduce;V
frivol;V
launder;V
poach;V
peddle;V
crave;V
reciprocate;V
subrogate;V
refuse;V
demilitarize;V
cohabit;V
affranchise;V
bequeath;V
hobble;V
urticate;V
reject;V
metastasize;V
infest;V
belong;V
jive;V
revenge;V
symbolize;V
decontrol;V
stipple;V
ammonify;V
relax;V
reunify;V
appose;V
estrange;V
remonstrate;V
tabulate;V
twirl;V
connive;V
disbelieve;V
safeguard;V
abrade;V
send;V
palpitate;V
admix;V
solicit;V
circumnavigate;V
retract;V
refer;V
saccharify;V
infuscate;V
satisfice;V
saponify;V
masculinize;V
overstock;V
fluoresce;V
unbolt;V
transgress;V
discourage;V
vitaminize;V
garner;V
vary;V
arrange;V
culminate;V
undertake;V
outlaw;V
roughhouse;V
assemble;V
defuse;V
preform;V
equalize;V
auspicate;V
vacate;V
diphthongize;V
reorganize;V
immerse;V
usurp;V
superpose;V
churr;V
excrete;V
cozen;V
muddy;V
utilize;V
operate;V
remarry;V
anastomose;V
collogue;V
corral;V
collaborate;V
succumb;V
exhale;V
seem;V
receive;V
depreciate;V
speckle;V
scamp;V
wrangle;V
prejudice;V
revamp;V
hyperextend;V
threaten;V
plasticize;V
spondaize;V
befriend;V
caponize;V
apprehend;V
overemphasize;V
barbarize;V
thud;V
modulate;V
negotiate;V
neutralize;V
reconstruct;V
birdnest;V
impede;V
heed;V
encase;V
catabolize;V
thoriate;V
malinger;V
schuss;V
batfowl;V
weaken;V
froth;V
expedite;V
opine;V
consult;V
babbitt;V
situate;V
inspan;V
dine;V
deodorize;V
foredoom;V
come;V
repel;V
buy;V
apologize;V
bilk;V
seclude;V
preside;V
outflank;V
catalyze;V
humidify;V
dethrone;V
rearrange;V
send;V
trickle;V
signify;V
bedew;V
surround;V
reconsider;V
cinematize;V
insist;V
overcome;V
rehabilitate;V
recommence;V
seize;V
reclassify;V
maintain;V
lustrate;V
acidify;V
chasten;V
deduce;V
pulsate;V
rick;V
insulate;V
infiltrate;V
intuit;V
exult;V
douse;V
medicate;V
beneficiate;V
extravasate;V
inhere;V
pelt;V
snooze;V
deform;V
unearth;V
obsolesce;V
apostatize;V
recur;V
enrich;V
decalcify;V
metal;V
succeed;V
shine;V
prefigure;V
overdress;V
syllogize;V
fend;V
speculate;V
solarize;V
spang;V
recapitulate;V
entertain;V
gallivant;V
reckon;V
supplant;V
unstrap;V
recreate;V
muss;V
burgeon;V
deoxygenate;V
recuse;V
recharge;V
investigate;V
commemorate;V
underproduce;V
devilize;V
dice;V
negate;V
interconnect;V
demonetize;V
wield;V
eroticize;V
interfere;V
revive;V
faze;V
kindle;V
hurtle;V
intercommunicate;V
embed;V
relive;V
scry;V
regurgitate;V
betray;V
reimpose;V
persist;V
decommission;V
singularize;V
iodinate;V
guzzle;V
summarize;V
shirr;V
disincarnate;V
misjudge;V
understock;V
succor;V
bode;V
dinge;V
cocainize;V
disembark;V
formalize;V
outshout;V
devoice;V
smoothen;V
overcrop;V
wench;V
ennoble;V
traverse;V
nobble;V
inherit;V
idolize;V
metricize;V
amend;V
emote;V
intervene;V
uproot;V
saltate;V
maim;V
impersonate;V
besot;V
fornicate;V
procure;V
crystallize;V
manumit;V
unhorse;V
peep;V
explain;V
dissociate;V
unsex;V
swage;V
evolve;V
scintillate;V
quicken;V
unwire;V
detoxify;V
execute;V
authorize;V
retouch;V
amplify;V
bejewel;V
undeceive;V
unseat;V
signalize;V
platinize;V
vouchsafe;V
verbify;V
calligraph;V
crepitate;V
ostracize;V
uncoil;V
bulldoze;V
stumble;V
slake;V
resize;V
endeavor;V
clump;V
disenfranchise;V
bide;V
flinch;V
patronize;V
fort;V
truckle;V
exacerbate;V
misname;V
reprehend;V
uncouple;V
enlist;V
ligate;V
tighten;V
agitate;V
predate;V
penetrate;V
coarsen;V
capsize;V
dabble;V
syllabify;V
admire;V
overpower;V
escalate;V
unburden;V
optimize;V
postpone;V
disgruntle;V
mismate;V
smolder;V
internalize;V
lump;V
remain;V
derive;V
perorate;V
plagiarize;V
assure;V
stipulate;V
oxidize;V
bungle;V
endear;V
accept;V
plummet;V
socialize;V
intermarry;V
speak;V
isolate;V
vouch;V
variegate;V
sporulate;V
protuberate;V
vaticinate;V
authenticate;V
misremember;V
carbonize;V
frizzle;V
whipsaw;V
chaperone;V
oust;V
decode;V
formicate;V
invert;V
postdate;V
rarefy;V
reheat;V
quench;V
erupt;V
refracture;V
complain;V
gravitate;V
ritualize;V
transect;V
stimulate;V
ruffle;V
administer;V
supplicate;V
borrow;V
intertwine;V
prank;V
exterminate;V
resew;V
sift;V
jubilate;V
demagnetize;V
lignify;V
baptize;V
twine;V
suppose;V
uglify;V
wrest;V
confront;V
pamper;V
inspect;V
rob;V
decimalize;V
put;V
yelp;V
sear;V
maunder;V
reforest;V
forgive;V
superscribe;V
marginalize;V
enmesh;V
exert;V
replenish;V
macerate;V
pertain;V
sinter;V
wipe;V
resettle;V
yawp;V
wander;V
outgrow;V
distill;V
scoff;V
stigmatize;V
decide;V
disconnect;V
unify;V
porcelainize;V
immobilize;V
subsidize;V
untwist;V
avow;V
calcine;V
extrude;V
revolt;V
confabulate;V
dwindle;V
accrete;V
identify;V
harm;V
reseal;V
bless;V
recoup;V
accelerate;V
overrule;V
outrun;V
defend;V
shiver;V
satirize;V
lurk;V
excite;V
fowl;V
undergo;V
prorate;V
achromatize;V
dilapidate;V
reside;V
bedraggle;V
inactivate;V
imbibe;V
discredit;V
harass;V
oppose;V
delocalize;V
relocate;V
conspire;V
hallucinate;V
welter;V
repine;V
endow;V
subscribe;V
ret;V
animize;V
rebind;V
unionize;V
quantize;V
hustle;V
redirect;V
emigrate;V
gelatinize;V
skulk;V
randomize;V
ignite;V
avert;V
eat;V
imitate;V
monetize;V
canonize;V
smuggle;V
enclose;V
uncover;V
congratulate;V
decontaminate;V
disinfect;V
gestate;V
fag;V
dissimulate;V
guggle;V
monumentalize;V
prepay;V
vilify;V
wamble;V
acculturate;V
rant;V
emancipate;V
elope;V
blanch;V
misgauge;V
formularize;V
enucleate;V
confide;V
severalize;V
thank;V
enfranchise;V
subtract;V
allege;V
dedifferentiate;V
expand;V
fume;V
disengage;V
enliven;V
manacle;V
restrain;V
outbid;V
pollute;V
shamanize;V
embarrass;V
categorize;V
circumscribe;V
enrage;V
overtire;V
publicize;V
cancel;V
scrimshank;V
upheave;V
emit;V
vulcanize;V
convulse;V
pilfer;V
defervesce;V
dote;V
ornament;V
typify;V
unbutton;V
oversimplify;V
amaze;V
deliver;V
sentimentalize;V
harden;V
streamline;V
ensky;V
construct;V
mutate;V
withdraw;V
rotate;V
dissemble;V
tinge;V
author;V
unsanctify;V
misrepresent;V
electrify;V
stagger;V
resist;V
dissipate;V
splotch;V
lend;V
horripilate;V
unclog;V
adore;V
whore;V
destroy;V
refine;V
abacinate;V
disembody;V
combust;V
afford;V
exceed;V
writhe;V
shorten;V
lance;V
alter;V
patinate;V
impoverish;V
grin;V
derate;V
glorify;V
soot;V
delete;V
underbid;V
steer;V
reassess;V
realize;V
homologize;V
arouse;V
adjoin;V
interpenetrate;V
decompress;V
reveal;V
govern;V
sunder;V
teeter;V
shudder;V
depress;V
flatten;V
volatilize;V
seel;V
inject;V
redecorate;V
acetylate;V
murk;V
precede;V
readjust;V
overbear;V
treadle;V
propose;V
irrigate;V
imbrue;V
legalize;V
sensitize;V
ammoniate;V
consternate;V
deglaze;V
outride;V
manipulate;V
broker;V
crucify;V
amuse;V
besiege;V
incubate;V
impel;V
spook;V
interact;V
outwit;V
mow;V
redetermine;V
imagine;V
interpret;V
necrose;V
redeposit;V
traumatize;V
commentate;V
shake;V
denote;V
reshape;V
make;V
overwhelm;V
clap;V
reposit;V
quell;V
dedicate;V
retrench;V
sit;V
redefine;V
familiarize;V
allegorize;V
flatter;V
edit;V
unstuff;V
assonate;V
destain;V
diss;V
popularize;V
diagnose;V
entitle;V
mollify;V
deplane;V
ensconce;V
wheedle;V
regret;V
grapple;V
emplace;V
anthropomorphize;V
squirt;V
rediscover;V
supercharge;V
rusticate;V
publish;V
inculcate;V
fortify;V
reinstall;V
task;V
devitalize;V
reinforce;V
pour;V
stow;V
relearn;V
housebreak;V
propagandize;V
convoke;V
underexpose;V
moil;V
subtend;V
suppress;V
infect;V
punish;V
reconvict;V
enfeeble;V
listen;V
overstate;V
sublet;V
prepare;V
fancify;V
vivify;V
reawaken;V
persevere;V
spiritualize;V
depolarize;V
intussuscept;V
destine;V
muck;V
scend;V
stiffen;V
rid;V
harmonize;V
efface;V
unteach;V
communicate;V
decorticate;V
hydrolize;V
citify;V
misplace;V
fray;V
alcoholize;V
disassemble;V
represent;V
overgeneralize;V
dehydrogenate;V
coapt;V
bespangle;V
allude;V
straiten;V
frolic;V
tram;V
unlock;V
resign;V
unbuckle;V
ozonize;V
dislocate;V
contradict;V
classicize;V
choose;V
underlie;V
clink;V
recede;V
destabilize;V
haul;V
concenter;V
misspend;V
motivate;V
massacre;V
feminize;V
rigidify;V
axe;V
alkalinize;V
suppurate;V
gnarl;V
sandpaper;V
dehorn;V
entrench;V
awaken;V
senesce;V
hospitalize;V
simplify;V
ensile;V
skittle;V
add;V
cachinnate;V
catenate;V
reignite;V
handwrite;V
reaffirm;V
follow;V
drowse;V
nasalize;V
concertize;V
demarcate;V
reorient;V
granulate;V
telepathize;V
succuss;V
liberate;V
anneal;V
unlive;V
introduce;V
sweeten;V
condescend;V
cram;V
deviate;V
indulge;V
peruse;V
countersign;V
photosensitize;V
darken;V
suggest;V
civilize;V
backslap;V
codify;V
qualify;V
stooge;V
redound;V
congregate;V
lighten;V
etch;V
swaddle;V
orate;V
navigate;V
dismember;V
grieve;V
unbelt;V
retire;V
contraindicate;V
antiquate;V
menstruate;V
synchronize;V
adolesce;V
prance;V
incinerate;V
greet;V
perfuse;V
decarbonate;V
condole;V
sever;V
rend;V
clangor;V
capacitate;V
burp;V
dehisce;V
promulgate;V
intersect;V
emanate;V
regularize;V
clothe;V
bewilder;V
jettison;V
plait;V
opsonize;V
irradiate;V
forbid;V
etherize;V
impale;V
exteriorize;V
differ;V
machicolate;V
canvass;V
spool;V
desacralize;V
incarnadine;V
overfill;V
nationalize;V
vandalize;V
overlie;V
digitize;V
believe;V
marvel;V
emulate;V
provide;V
undershoot;V
extend;V
strengthen;V
deceive;V
improvise;V
constrict;V
retranslate;V
manufacture;V
transship;V
camphorate;V
stylize;V
fluoridate;V
misally;V
squelch;V
crump;V
warn;V
blitzkrieg;V
bake;V
microcopy;V
discountenance;V
sanitate;V
induct;V
debunk;V
mutilate;V
solemnize;V
liquefy;V
carboxylate;V
subsume;V
unclothe;V
overarch;V
weigh;V
shriek;V
renovate;V
industrialize;V
proclaim;V
want;V
gee;V
advise;V
insinuate;V
come;V
encapsulate;V
bedizen;V
vitalize;V
fixate;V
blacken;V
pollinate;V
misdo;V
soften;V
unman;V
polymerize;V
postpose;V
defray;V
devalue;V
refurbish;V
contain;V
odorize;V
nuke;V
subtilize;V
metal;V
deify;V
beg;V
exuberate;V
copolymerize;V
prepossess;V
skitter;V
distend;V
beware;V
tutor;V
teethe;V
louden;V
bumble;V
behoove;V
smatter;V
genuflect;V
yarn;V
retie;V
librate;V
infuse;V
rectify;V
enervate;V
fluster;V
commiserate;V
notarize;V
vegetate;V
castigate;V
quarry;V
miscast;V
lag;V
dispread;V
laud;V
overvalue;V
exorcise;V
replicate;V
abrogate;V
outpoint;V
mooch;V
fraternize;V
miniate;V
uncloak;V
reline;V
immunize;V
foreshow;V
vascularize;V
refresh;V
overwrite;V
invade;V
collate;V
dangle;V
sparge;V
trephine;V
alchemize;V
birl;V
constitute;V
minimize;V
enslave;V
assibilate;V
creolize;V
headquarter;V
rubify;V
solve;V
insufflate;V
resurface;V
indwell;V
worsen;V
imprison;V
confess;V
braze;V
entice;V
atomize;V
autotomize;V
ask;V
preen;V
acquaint;V
metabolize;V
legislate;V
interleave;V
halt;V
bask;V
maximize;V
unplug;V
unbraid;V
prearrange;V
oxygenate;V
disinter;V
fibrillate;V
reload;V
depose;V
disorganize;V
concatenate;V
diagonalize;V
prefer;V
eulogize;V
deploy;V
exclude;V
tessellate;V
expect;V
crosshatch;V
overshadow;V
approbate;V
arborize;V
denounce;V
deterge;V
effuse;V
hydroplane;V
melodize;V
cluster;V
defibrinate;V
outpace;V
palatalize;V
soothe;V
redden;V
vasectomize;V
befit;V
deter;V
restart;V
desexualize;V
erase;V
achieve;V
readapt;V
presume;V
unbalance;V
refract;V
aphorize;V
outmode;V
outsail;V
eject;V
overjoy;V
inform;V
misapply;V
etherify;V
avoid;V
gesticulate;V
unseal;V
outnumber;V
dematerialize;V
depend;V
bespeak;V
apotheosize;V
resolve;V
radicalize;V
contemplate;V
distract;V
sidetrack;V
cheque;V
cense;V
inhabit;V
marbleize;V
pare;V
outshine;V
abhor;V
smock;V
choreograph;V
entrain;V
recombine;V
stargaze;V
reallot;V
prim;V
bestialize;V
depart;V
ordain;V
ascertain;V
enthrone;V
trice;V
savor;V
misbehave;V
desquamate;V
emulsify;V
typecast;V
preclude;V
defrost;V
relieve;V
agree;V
be;V
ornament;V
refloat;V
promote;V
unyoke;V
miff;V
arise;V
afflict;V
laicize;V
summate;V
amputate;V
irritate;V
flabbergast;V
ruckle;V
vesiculate;V
gibber;V
glug;V
tally;V
perform;V
trivialize;V
adduce;V
tourney;V
unhinge;V
percuss;V
waive;V
sharpen;V
overheat;V
disband;V
reverberate;V
prosecute;V
impugn;V
actualize;V
dehumanize;V
reap;V
syllabize;V
overcloud;V
exalt;V
pal;V
romp;V
characterize;V
dramatize;V
hedgehop;V
miscreate;V
suburbanize;V
raddle;V
initialize;V
extenuate;V
betroth;V
grasp;V
enable;V
transfigure;V
infatuate;V
rededicate;V
rumple;V
bespot;V
nitrify;V
unwind;V
reunite;V
obey;V
admeasure;V
imbue;V
exsiccate;V
appear;V
redesign;V
assess;V
relate;V
madden;V
gild;V
palpate;V
observe;V
contradistinguish;V
substantiate;V
stet;V
unsaddle;V
recalcitrate;V
unload;V
dogmatize;V
mistreat;V
bisect;V
individuate;V
compile;V
reprise;V
spurt;V
nutrify;V
braise;V
demoralize;V
suckle;V
declaim;V
attest;V
deepen;V
jell;V
introspect;V
propagate;V
advertise;V
replace;V
overstay;V
overprice;V
dissatisfy;V
stratify;V
nag;V
decentralize;V
tempt;V
tint;V
diffract;V
abjure;V
domesticate;V
wail;V
unbox;V
melanize;V
misspell;V
prevail;V
astringe;V
euphemize;V
resemble;V
recognize;V
unsolder;V
eternize;V
beget;V
transfuse;V
mar;V
disburse;V
transmit;V
swim;V
parch;V
fractionate;V
surmise;V
dignify;V
establish;V
total;V
empanel;V
toughen;V
reconcile;V
prophesy;V
recommit;V
whelp;V
counteract;V
brainwash;V
lyophilize;V
stagnate;V
interrelate;V
abridge;V
summerize;V
inaugurate;V
hark;V
gradate;V
excommunicate;V
enthuse;V
vulgarize;V
adjourn;V
ebonize;V
republish;V
overtax;V
confect;V
cleave;V
lose;V
shelve;V
isomerize;V
modify;V
winterize;V
embark;V
implicate;V
miscegenate;V
hydrolyze;V
proselytize;V
mechanize;V
approve;V
rejoice;V
deprecate;V
devour;V
languish;V
evangelize;V
cultivate;V
reseat;V
become;V
swagger;V
disbud;V
denationalize;V
illuminate;V
unwrap;V
keratinize;V
italicize;V
expropriate;V
etherealize;V
exude;V
federalize;V
unpin;V
roughen;V
aurify;V
deaerate;V
memorialize;V
dally;V
notate;V
bombard;V
jaywalk;V
debase;V
splutter;V
beatify;V
flake;V
repress;V
spangle;V
theorize;V
rejuvenate;V
stun;V
occur;V
upend;V
rework;V
inflame;V
railroad;V
reappear;V
swap;V
invoke;V
reactivate;V
cater;V
starve;V
misstate;V
slime;V
forage;V
conscript;V
expiate;V
disturb;V
masticate;V
disenchant;V
join;V
precis;V
crossbreed;V
coerce;V
wheelbarrow;V
levitate;V
pry;V
symmetrize;V
exfoliate;V
twig;V
botch;V
deplume;V
reappraise;V
admonish;V
slink;V
unmuzzle;V
unpick;V
indemnify;V
backspace;V
halve;V
resume;V
procrastinate;V
devastate;V
respond;V
allow;V
symphonize;V
proliferate;V
renege;V
reacquaint;V
obstruct;V
attaint;V
deny;V
redistribute;V
misdirect;V
counterchange;V
brandish;V
convene;V
falsify;V
browbeat;V
disinvolve;V
overprotect;V
preponderate;V
catalogue;V
kibitz;V
dissimilate;V
instruct;V
communize;V
refuel;V
prink;V
reassure;V
outgeneral;V
muckrake;V
deionize;V
unstring;V
chitter;V
arraign;V
loosen;V
commandeer;V
expatriate;V
encode;V
undo;V
misread;V
strangulate;V
corrode;V
depute;V
coinsure;V
underwrite;V
fumigate;V
glaciate;V
behave;V
standardize;V
resent;V
rearm;V
slacken;V
obfuscate;V
slather;V
melt;V
burglarize;V
wring;V
waft;V
opalize;V
underline;V
arterialize;V
caramelize;V
paralyze;V
proofread;V
disappoint;V
obtund;V
untie;V
opalesce;V
rhumba;V
housekeep;V
orientalize;V
ensnare;V
punctuate;V
memorize;V
repent;V
transliterate;V
mythicize;V
conceive;V
fetishize;V
whirligig;V
embroider;V
freshen;V
jinx;V
uncross;V
decarboxylate;V
strive;V
revise;V
enlarge;V
unscrew;V
affirm;V
covet;V
localize;V
corroborate;V
detonate;V
antagonize;V
outdraw;V
impart;V
capitalize;V
analogize;V
exenterate;V
outspan;V
converge;V
petrify;V
luxuriate;V
invalidate;V
consider;V
yell;V
stickle;V
sough;V
invest;V
glycerolize;V
hitchhike;V
apply;V
overpraise;V
heap;V
torment;V
pullulate;V
misinterpret;V
bastardize;V
equilibrate;V
defrock;V
nourish;V
encircle;V
paganize;V
migrate;V
endorse;V
respire;V
abstain;V
secede;V
mercerize;V
hyphenate;V
supervene;V
bereave;V
shush;V
throng;V
debrief;V
misadvise;V
err;V
transmute;V
philosophize;V
disbar;V
dilute;V
auscultate;V
dispose;V
eliminate;V
normalize;V
relativize;V
resell;V
oblige;V
habituate;V
overspend;V
dusk;V
prefabricate;V
outmarch;V
impound;V
scram;V
relace;V
circumvallate;V
floodlight;V
orient;V
delineate;V
slither;V
rebury;V
join;V
stink;V
resurge;V
commend;V
distinguish;V
occupy;V
travesty;V
germinate;V
suck;V
demolish;V
drench;V
outrival;V
revitalize;V
molest;V
degrease;V
yank;V
undergird;V
abreact;V
reprimand;V
condemn;V
elude;V
proceed;V
attend;V
grow;V
cure;V
cauterize;V
clarify;V
sterilize;V
urinate;V
evaluate;V
enshrine;V
perjure;V
fail;V
perseverate;V
droop;V
flee;V
polarize;V
systematize;V
interpose;V
specify;V
have;V
evict;V
demobilize;V
chiromance;V
overuse;V
glower;V
chirk;V
ingrain;V
invoice;V
emend;V
bowdlerize;V
topple;V
deflate;V
necessitate;V
misdeliver;V
unfold;V
uphold;V
calibrate;V
unhook;V
expostulate;V
mulct;V
detect;V
reassail;V
hoax;V
pother;V
benight;V
excavate;V
elute;V
terrorize;V
superannuate;V
attract;V
accuse;V
descend;V
rumpus;V
relapse;V
shrive;V
disembowel;V
collide;V
enchant;V
ionize;V
decorate;V
exhilarate;V
unitize;V
inundate;V
bushwhack;V
sledge;V
disable;V
disclose;V
goggle;V
decompose;V
intrude;V
tamper;V
configure;V
susurrate;V
reharmonize;V
shuck;V
spoof;V
smooch;V
impair;V
convolve;V
absorb;V
build;V
saturate;V
unpack;V
overcapitalize;V
flense;V
commutate;V
vociferate;V
circularize;V
unchain;V
animadvert;V
romanticize;V
naturalize;V
outsell;V
furnish;V
inflect;V
propitiate;V
importune;V
emblazon;V
underplay;V
elide;V
pacify;V
titrate;V
discerp;V
loiter;V
unbind;V
reabsorb;V
subjugate;V
enfeoff;V
overdraw;V
roil;V
indict;V
pontificate;V
heighten;V
misquote;V
anticipate;V
pinkify;V
owe;V
disparage;V
piffle;V
declutch;V
anoint;V
educe;V
moralize;V
mobilize;V
beckon;V
basidiosporous;NV
eradicable;NV
bipolar;NV
bacteriolytic;NV
icterogenic;NV
budgetary;NV
petaloid;NV
gallic;NV
eremitic;NV
untraceable;NV
asexual;NV
bulbaceous;NV
comic;NV
unspaced;NV
billiard;NV
homostylous;NV
dural;NV
apetalous;NV
myocardial;NV
ventilatory;NV
sleeveless;NV
dipterous;NV
septal;NV
septic;NV
disintegrative;NV
usual;NV
photoemissive;NV
cadaverous;NV
derivational;NV
benzoic;NV
neurogenic;NV
diamagnetic;NV
glabellar;NV
perplexed;NV
typographic;NV
unpasteurized;NV
melodious;NV
stative;NV
multiphase;NV
intolerant;NV
saturated;NV
aerological;NV
cursorial;NV
unabused;NV
peripteral;NV
reflected;NV
indiscreet;NV
inextinguishable;NV
unashamed;NV
intransitive;NV
blastomeric;NV
ultramicroscopic;NV
nidicolous;NV
unmade;NV
inflectional;NV
heliocentric;NV
curricular;NV
hieroglyphic;NV
unpermissive;NV
existent;NV
chyliferous;NV
bimolecular;NV
sphingine;NV
actinomycotic;NV
harmless;NV
tongueless;NV
mucopurulent;NV
anarchistic;NV
authorized;NV
obligational;NV
anamorphic;NV
canalicular;NV
determinate;NV
handleless;NV
unconstitutional;NV
calycular;NV
aneuploid;NV
alimentative;NV
amoristic;NV
syncategorematic;NV
conic;NV
inhospitable;NV
neurological;NV
campanulate;NV
thalamocortical;NV
pressor;NV
sustainable;NV
dictyopteran;NV
unventilated;NV
scalable;NV
aphanitic;NV
impassable;NV
alchemic;NV
concise;NV
unpotted;NV
climatic;NV
atomistic;NV
explicit;NV
heteroecious;NV
inexplicable;NV
surprising;NV
nonbearing;NV
anencephalic;NV
footless;NV
calciferous;NV
homologous;NV
determinable;NV
tearless;NV
uncoated;NV
unlaced;NV
adsorbable;NV
reconstructed;NV
vulpine;NV
topological;NV
foolish;NV
basidiomycetous;NV
paranasal;NV
auscultatory;NV
undatable;NV
antipollution;NV
apothegmatic;NV
bathyal;NV
unmanned;NV
unassertive;NV
salivary;NV
derived;NV
bureaucratic;NV
horticultural;NV
pyretic;NV
unargumentative;NV
meaningless;NV
unneurotic;NV
cortical;NV
carpellary;NV
futuristic;NV
random;NV
telluric;NV
anagrammatic;NV
postural;NV
untidy;NV
rectosigmoid;NV
ergotic;NV
unreassuring;NV
consular;NV
pediatric;NV
crooked;NV
algometric;NV
anatropous;NV
tetragonal;NV
unchangeable;NV
malapropos;NV
unexchangeable;NV
hipped;NV
unthinkable;NV
sorrowful;NV
nebular;NV
nonintellectual;NV
overt;NV
forceless;NV
acetylenic;NV
pupillary;NV
immunological;NV
onside;NV
descriptive;NV
kinesthetic;NV
mutational;NV
unbeneficed;NV
appendicular;NV
herbal;NV
infinitival;NV
unprejudiced;NV
metastatic;NV
unrequested;NV
neckless;NV
mandibular;NV
monozygotic;NV
wheelless;NV
multinucleate;NV
nonindustrial;NV
spatial;NV
injured;NV
spoken;NV
hydrodynamic;NV
coastal;NV
argentic;NV
intramural;NV
unsworn;NV
aware;NV
geothermal;NV
paschal;NV
pyrochemical;NV
painful;NV
meager;NV
homocercal;NV
colorful;NV
monistic;NV
diametral;NV
bulbed;NV
chaetognathan;NV
eucharistic;NV
disrespectful;NV
univalent;NV
unanalyzed;NV
participial;NV
repulsive;NV
uncertified;NV
hydrographic;NV
viceregal;NV
mucocutaneous;NV
diadromous;NV
tuberous;NV
morphophonemic;NV
viral;NV
evitable;NV
exculpatory;NV
axiological;NV
monoclinic;NV
holozoic;NV
interlobular;NV
trapezoidal;NV
benzenoid;NV
manly;NV
fingered;NV
unattributable;NV
unfamiliar;NV
humanistic;NV
upstream;NV
unparented;NV
chromatinic;NV
belemnitic;NV
scalene;NV
depressant;NV
unblended;NV
strung;NV
tactical;NV
gutless;NV
aural;NV
achondroplastic;NV
philatelic;NV
uniovular;NV
archidiaconal;NV
uninjectable;NV
uncrannied;NV
disjunctive;NV
acetylic;NV
unfruitful;NV
avascular;NV
sculptural;NV
bordered;NV
uncritical;NV
incommodious;NV
faucal;NV
suctorial;NV
aneurysmal;NV
undemocratic;NV
fractional;NV
ingenuous;NV
ovarian;NV
polymeric;NV
dysphoric;NV
allelic;NV
resistible;NV
thermometric;NV
playable;NV
unpigmented;NV
absorbent;NV
unfurnished;NV
testimonial;NV
psychosexual;NV
rustless;NV
brachyurous;NV
monotypic;NV
seamed;NV
crowded;NV
puerperal;NV
cenogenetic;NV
circulatory;NV
unpatriotic;NV
incomparable;NV
merited;NV
gemmiferous;NV
epiphytic;NV
managerial;NV
bivalent;NV
ceruminous;NV
cementitious;NV
uncivil;NV
artesian;NV
patellar;NV
phocine;NV
allomorphic;NV
absorbable;NV
unostentatious;NV
perigonal;NV
postnatal;NV
mutafacient;NV
starchless;NV
senatorial;NV
undeniable;NV
euphonic;NV
papillary;NV
subjacent;NV
nonsectarian;NV
transuranic;NV
intelligible;NV
unicellular;NV
developmental;NV
sclerotic;NV
montane;NV
detachable;NV
actinic;NV
institutional;NV
unkind;NV
immiscible;NV
unaffixed;NV
caducean;NV
inclement;NV
colonic;NV
shamanist;NV
nonabsorbent;NV
unsusceptible;NV
archangelic;NV
structured;NV
ontogenetic;NV
allogamous;NV
sanitary;NV
nonmetallic;NV
isomeric;NV
intolerable;NV
unconvincing;NV
womanly;NV
unprophetic;NV
tricentenary;NV
stenographic;NV
algorithmic;NV
mutable;NV
unmyelinated;NV
semiotic;NV
osseous;NV
ectomorphic;NV
ectopic;NV
uninvolved;NV
unwaxed;NV
uncontested;NV
cerebellar;NV
procedural;NV
cismontane;NV
coronary;NV
retarded;NV
evolutionary;NV
untrained;NV
arthralgic;NV
harmful;NV
semantic;NV
presidential;NV
austenitic;NV
incredulous;NV
frivolous;NV
nonpolitical;NV
unlimited;NV
polygamous;NV
paniculate;NV
distinguishable;NV
orthodox;NV
undrinkable;NV
fugal;NV
capsular;NV
sublimed;NV
abolitionary;NV
unnoticeable;NV
calyculate;NV
uncensored;NV
arteriovenous;NV
diclinous;NV
synchronous;NV
psychotherapeutic;NV
anthracitic;NV
disloyal;NV
dimorphic;NV
oviparous;NV
nitrogenous;NV
ununderstood;NV
unrewarding;NV
bibliotic;NV
dishonorable;NV
unintelligent;NV
reverent;NV
endogamous;NV
humorless;NV
alternating;NV
imperceptible;NV
nilpotent;NV
tuberculoid;NV
unmanageable;NV
genital;NV
collarless;NV
gladiatorial;NV
buried;NV
archival;NV
fermentable;NV
bridgeable;NV
topped;NV
angiospermous;NV
copular;NV
integrative;NV
acrocarpous;NV
trigonometric;NV
specialized;NV
perianal;NV
unpeaceful;NV
cairned;NV
unshuttered;NV
aoristic;NV
reconcilable;NV
burglarious;NV
inadmissible;NV
epidural;NV
inculpatory;NV
acquisitive;NV
worldly;NV
pemphigous;NV
autodidactic;NV
paramagnetic;NV
fungoid;NV
hypothalamic;NV
hidrotic;NV
mealy;NV
monaural;NV
medusoid;NV
universalistic;NV
collegial;NV
roentgenographic;NV
unopposable;NV
idiomatic;NV
cognitive;NV
fissile;NV
tonsorial;NV
unveiled;NV
defeasible;NV
pericardial;NV
unspecified;NV
undedicated;NV
wearable;NV
prodromal;NV
isotropic;NV
polyatomic;NV
ethnographic;NV
articular;NV
accessional;NV
unplowed;NV
biosynthetic;NV
limnological;NV
quintessential;NV
expiatory;NV
proved;NV
immoral;NV
eutherian;NV
arbitral;NV
unrestrictive;NV
appealing;NV
laureled;NV
powerless;NV
nearsighted;NV
hertzian;NV
unrentable;NV
intralobular;NV
nectariferous;NV
undiscriminating;NV
lowborn;NV
monoclinous;NV
cardiographic;NV
wooded;NV
rotational;NV
dejected;NV
astomatous;NV
soured;NV
primiparous;NV
bolometric;NV
seraphic;NV
scorbutic;NV
operatic;NV
maladroit;NV
resentful;NV
adaptive;NV
posted;NV
insolvent;NV
coldhearted;NV
vacuolate;NV
planetal;NV
calcicolous;NV
tortious;NV
erect;NV
armorial;NV
unobligated;NV
selfish;NV
collegiate;NV
alveolar;NV
occlusive;NV
associational;NV
nacreous;NV
cinerary;NV
egoistic;NV
oligarchic;NV
cardiovascular;NV
discontented;NV
unmined;NV
scrotal;NV
sudden;NV
terpsichorean;NV
carnivorous;NV
phyllodial;NV
precordial;NV
uncomplaining;NV
physiotherapeutic;NV
disordered;NV
sulcate;NV
radiolucent;NV
unicameral;NV
mensural;NV
sublittoral;NV
isotopic;NV
ceric;NV
logistic;NV
unsurprising;NV
uncousinly;NV
viatical;NV
dehiscent;NV
angular;NV
dysplastic;NV
arbitrable;NV
unapologetic;NV
uric;NV
inequitable;NV
bignoniaceous;NV
unjust;NV
calcic;NV
antistrophic;NV
unwomanly;NV
unpopular;NV
respiratory;NV
telephonic;NV
afferent;NV
toxic;NV
calcitic;NV
theological;NV
limbic;NV
obvious;NV
impervious;NV
lethargic;NV
expensive;NV
awnless;NV
unimpaired;NV
pleochroic;NV
irreversible;NV
sericultural;NV
communicative;NV
reputable;NV
nutritional;NV
unenforceable;NV
conspicuous;NV
cenobitic;NV
parental;NV
electrical;NV
compassionate;NV
thermodynamic;NV
unsurprised;NV
spermous;NV
imitative;NV
electrophoretic;NV
calceolate;NV
unworthy;NV
undelineated;NV
polemoniaceous;NV
planktonic;NV
insurrectional;NV
logical;NV
vaginal;NV
uncombined;NV
eusporangiate;NV
uncarpeted;NV
alular;NV
corneal;NV
totipotent;NV
nasopharyngeal;NV
fatty;NV
algolagnic;NV
edifying;NV
hexangular;NV
convincing;NV
adopted;NV
virological;NV
anticoagulative;NV
spirited;NV
lucifugous;NV
macaronic;NV
filarial;NV
intertidal;NV
thinkable;NV
unregretful;NV
ungeared;NV
lactic;NV
presentational;NV
childbearing;NV
gerundial;NV
bisontine;NV
bulbar;NV
insensitive;NV
inconspicuous;NV
unintrusive;NV
irreparable;NV
syntactic;NV
iritic;NV
subtractive;NV
mitotic;NV
bathymetric;NV
tolerable;NV
pious;NV
succeeding;NV
belted;NV
parietal;NV
urogenital;NV
regretful;NV
unburdened;NV
unfashionable;NV
sold;NV
polydactyl;NV
chromatographic;NV
representational;NV
unabridged;NV
inspiratory;NV
epistemic;NV
apoplectic;NV
sulphuric;NV
mesomorphic;NV
camphoric;NV
domiciliary;NV
unprotected;NV
unrestrained;NV
unloaded;NV
anthropocentric;NV
tiered;NV
unfueled;NV
unconcealed;NV
attributable;NV
cacodylic;NV
legislative;NV
appointive;NV
benzylic;NV
unenlightening;NV
unnecessary;NV
matutinal;NV
mown;NV
annalistic;NV
uninhabited;NV
autogenetic;NV
ugly;NV
cathodic;NV
unobstructed;NV
palpatory;NV
contractual;NV
sepaloid;NV
morbilliform;NV
cyclonic;NV
meteoritic;NV
stylish;NV
amitotic;NV
passionless;NV
ferial;NV
alvine;NV
hydrostatic;NV
empirical;NV
unservile;NV
dramaturgic;NV
unsilenced;NV
unaffected;NV
unadorned;NV
dominical;NV
infrequent;NV
unseamanlike;NV
acetic;NV
postal;NV
reducible;NV
vernal;NV
aphaeretic;NV
chirpy;NV
bibliolatrous;NV
rectal;NV
aversive;NV
mesoblastic;NV
ranging;NV
calorimetric;NV
balsamic;NV
nonmodern;NV
shut;NV
carpellate;NV
stoppable;NV
paradigmatic;NV
auxetic;NV
stereoscopic;NV
iridic;NV
dispensable;NV
unarmored;NV
epizoic;NV
cauline;NV
spherical;NV
tuneful;NV
uncommon;NV
tribal;NV
interlocutory;NV
collapsible;NV
wary;NV
eager;NV
fertile;NV
nonconductive;NV
opposed;NV
hydric;NV
uvular;NV
vitiliginous;NV
sublingual;NV
splayfooted;NV
endodontic;NV
operculate;NV
tearful;NV
unstaged;NV
jawed;NV
;NV
amygdaline;NV
unconstipated;NV
aqueous;NV
hormonal;NV
neotenic;NV
diatomic;NV
ponderable;NV
uncolored;NV
azo;NV
unenterprising;NV
rehabilitative;NV
mononuclear;NV
abaxial;NV
uneducated;NV
declarative;NV
moving;NV
woolen;NV
attitudinal;NV
nonextensile;NV
unestablished;NV
abbatial;NV
endocentric;NV
cheliferous;NV
unspecialized;NV
monometallic;NV
unfit;NV
insectivorous;NV
pleural;NV
succinic;NV
rimmed;NV
hypertrophied;NV
coeliac;NV
dichromatic;NV
insentient;NV
stratified;NV
naval;NV
selected;NV
irreducible;NV
unambiguous;NV
qualitative;NV
basidial;NV
unblemished;NV
anodic;NV
nautical;NV
preceding;NV
pectic;NV
homiletic;NV
tetanic;NV
invigorating;NV
inconclusive;NV
reversionary;NV
tartaric;NV
theocratic;NV
veterinary;NV
vestibular;NV
pneumonic;NV
chartaceous;NV
lymphocytic;NV
umbelliform;NV
unstimulating;NV
nonmagnetic;NV
pouched;NV
undescended;NV
iridaceous;NV
zymoid;NV
irremovable;NV
sciatic;NV
basilican;NV
anisotropic;NV
anal;NV
endocrine;NV
cranial;NV
bacteriostatic;NV
nonreturnable;NV
laryngopharyngeal;NV
nonimitative;NV
footed;NV
interrogative;NV
allopatric;NV
unimpressive;NV
intramolecular;NV
dialectal;NV
bicylindrical;NV
cantonal;NV
sporadic;NV
callithumpian;NV
unidentifiable;NV
narial;NV
tensile;NV
defiant;NV
pleurocarpous;NV
adjudicative;NV
plutocratic;NV
publishable;NV
powerful;NV
instrumental;NV
unclothed;NV
plumbaginaceous;NV
eponymous;NV
inexact;NV
pronounceable;NV
adenocarcinomatous;NV
memberless;NV
purgatorial;NV
ecological;NV
paleolithic;NV
craniometric;NV
conspiratorial;NV
fictional;NV
epizoan;NV
unreal;NV
connotative;NV
carcinogenic;NV
agonal;NV
pentangular;NV
brachial;NV
monatomic;NV
handless;NV
opportune;NV
noneffervescent;NV
unrelated;NV
atrioventricular;NV
rationalist;NV
algal;NV
inarticulate;NV
intracranial;NV
liveried;NV
laryngeal;NV
orthoptic;NV
limbed;NV
continued;NV
mammalian;NV
follicular;NV
tensional;NV
relativistic;NV
streptococcal;NV
archdiocesan;NV
logogrammatic;NV
spectrometric;NV
uncharitable;NV
unifilar;NV
congruent;NV
glottal;NV
atmospheric;NV
intrapulmonary;NV
sisterly;NV
pneumatic;NV
unenclosed;NV
branchy;NV
invisible;NV
moraceous;NV
chitinous;NV
proteolytic;NV
noncellular;NV
agential;NV
genitourinary;NV
boustrophedonic;NV
unpreventable;NV
unconfirmed;NV
biliary;NV
duodenal;NV
anadromous;NV
upland;NV
exogenous;NV
calced;NV
petalous;NV
permissive;NV
testicular;NV
ataxic;NV
mesonic;NV
apneic;NV
pervious;NV
appendaged;NV
zygotic;NV
hipless;NV
meiotic;NV
undulatory;NV
contrasty;NV
acidotic;NV
digital;NV
intermolecular;NV
preconceived;NV
mutagenic;NV
unsocial;NV
earthly;NV
doctoral;NV
salable;NV
virulent;NV
incurious;NV
spineless;NV
cytogenetic;NV
paroxysmal;NV
micaceous;NV
nonresidential;NV
hypodermic;NV
microbial;NV
actinal;NV
unconquerable;NV
unaddressed;NV
fetal;NV
discomposed;NV
therapeutic;NV
noncommissioned;NV
areolar;NV
vocalic;NV
unclean;NV
interstellar;NV
exportable;NV
unbranded;NV
pyrolytic;NV
unarmed;NV
invariable;NV
anecdotal;NV
extensile;NV
atonic;NV
arborical;NV
urethral;NV
inorganic;NV
ministerial;NV
prolix;NV
sympatric;NV
tanned;NV
synaptic;NV
micropylar;NV
stomatous;NV
patterned;NV
papilliform;NV
amicable;NV
topographical;NV
cometary;NV
conjunctival;NV
acidimetric;NV
unitary;NV
repeatable;NV
legible;NV
creedal;NV
amoebic;NV
arthropodal;NV
uneventful;NV
polytheistic;NV
hairless;NV
commodious;NV
nonwoody;NV
awned;NV
maternal;NV
fibrinous;NV
unaltered;NV
exuvial;NV
urceolate;NV
shouldered;NV
cryptogamic;NV
isomorphous;NV
eparchial;NV
unworldly;NV
nephritic;NV
nonruminant;NV
inscriptive;NV
uniparous;NV
preventable;NV
unholy;NV
nonracial;NV
solanaceous;NV
implicational;NV
recessionary;NV
physiological;NV
superhuman;NV
microcephalic;NV
fungal;NV
unreserved;NV
melodic;NV
amethystine;NV
gonadal;NV
congregational;NV
confined;NV
branchiate;NV
nonterritorial;NV
rotatory;NV
classicistic;NV
undeclared;NV
igneous;NV
theatrical;NV
omnivorous;NV
syndetic;NV
orbital;NV
amphoric;NV
deflationary;NV
basipetal;NV
arundinaceous;NV
teleological;NV
archipelagic;NV
bracteolate;NV
condylar;NV
butyraceous;NV
unenthusiastic;NV
vitreous;NV
shapely;NV
anabatic;NV
betulaceous;NV
archiepiscopal;NV
unipolar;NV
crossed;NV
piezoelectric;NV
unoriginal;NV
anemographic;NV
architectural;NV
moonlit;NV
ontological;NV
unshaven;NV
prolate;NV
botanic;NV
piscatorial;NV
avuncular;NV
sentential;NV
apoplectiform;NV
clearheaded;NV
centigrade;NV
terrestrial;NV
atrial;NV
semiparasitic;NV
barographic;NV
osteal;NV
pharyngeal;NV
unclassified;NV
ossiferous;NV
miscible;NV
unsupervised;NV
apostolic;NV
interoceptive;NV
sedimentary;NV
imperialistic;NV
unwrinkled;NV
apocynaceous;NV
bracteate;NV
curtainless;NV
indivisible;NV
catalytic;NV
funded;NV
heterocercal;NV
filar;NV
unedifying;NV
endoparasitic;NV
serous;NV
extricable;NV
criminological;NV
postnuptial;NV
dualistic;NV
triumphal;NV
unsigned;NV
electrochemical;NV
postpositive;NV
neurotoxic;NV
bedded;NV
medicolegal;NV
backless;NV
ordinal;NV
bacterial;NV
combined;NV
unemployed;NV
atheromatous;NV
extinguishable;NV
impressionable;NV
systematic;NV
intramuscular;NV
editorial;NV
uncrowned;NV
inglorious;NV
binocular;NV
handled;NV
suborbital;NV
inefficient;NV
acinar;NV
hypodermal;NV
rabid;NV
apicultural;NV
unforgiving;NV
obstetric;NV
gymnastic;NV
holistic;NV
anisometropic;NV
fernless;NV
quartzose;NV
plantar;NV
funerary;NV
furnished;NV
amnestic;NV
biotypic;NV
psychomotor;NV
revivalistic;NV
inguinal;NV
alkaloidal;NV
linguistic;NV
retrorse;NV
identifiable;NV
accusatorial;NV
areal;NV
many;NV
unexpendable;NV
etymological;NV
unperplexed;NV
unpatronized;NV
carroty;NV
aldermanic;NV
myelinic;NV
nonpregnant;NV
edible;NV
preprandial;NV
preclinical;NV
pharmacological;NV
protozoological;NV
untempered;NV
heterogeneous;NV
medullary;NV
aerial;NV
argentous;NV
bisectional;NV
cataphatic;NV
awake;NV
stannic;NV
cybernetic;NV
unexportable;NV
prenatal;NV
unrevived;NV
imperfect;NV
cupric;NV
exogamous;NV
amniotic;NV
ridged;NV
secular;NV
baccate;NV
photosynthetic;NV
scholarly;NV
centralist;NV
supernal;NV
lobular;NV
digitigrade;NV
monotonic;NV
propagative;NV
instructional;NV
cuticular;NV
bacchantic;NV
aspectual;NV
asterismal;NV
introspective;NV
departmental;NV
blastodermatic;NV
blastoporal;NV
ossicular;NV
saxicolous;NV
biosystematic;NV
basaltic;NV
studied;NV
bioclimatic;NV
chancrous;NV
artful;NV
hydropathic;NV
fisheye;NV
radiopaque;NV
faceted;NV
nonfunctional;NV
unborn;NV
androgenic;NV
particularistic;NV
olfactory;NV
riparian;NV
zoic;NV
influential;NV
dying;NV
undiscerning;NV
promotional;NV
unsarcastic;NV
tentacular;NV
unfurrowed;NV
unpainted;NV
distributional;NV
unseductive;NV
unmarried;NV
chartered;NV
aurous;NV
hurried;NV
adjectival;NV
neuromatous;NV
involuntary;NV
nonprehensile;NV
irresolute;NV
nonrepresentative;NV
corporeal;NV
estrous;NV
gubernatorial;NV
nonlinear;NV
homeostatic;NV
distributive;NV
metacentric;NV
actinomorphic;NV
cormous;NV
sartorial;NV
unreasonable;NV
canicular;NV
accipitrine;NV
gnomic;NV
lithic;NV
avian;NV
nonfissile;NV
effortless;NV
toed;NV
dithyrambic;NV
adenoid;NV
antonymous;NV
intradermal;NV
apocarpous;NV
categorical;NV
destructive;NV
fenestral;NV
pyrogallic;NV
loving;NV
seasonable;NV
arched;NV
phlegmy;NV
loopy;NV
altruistic;NV
concave;NV
glomerular;NV
oropharyngeal;NV
shrinkable;NV
stellar;NV
lithophytic;NV
unselected;NV
inaccurate;NV
ducal;NV
undesigned;NV
ammonitic;NV
subartesian;NV
pointless;NV
expressible;NV
colloidal;NV
prosodic;NV
megalithic;NV
incongruous;NV
trinucleate;NV
excrescent;NV
thalassic;NV
retinal;NV
precancerous;NV
myotonic;NV
fiscal;NV
multidimensional;NV
unwooded;NV
uncoiled;NV
phrenological;NV
pragmatic;NV
nonsignificant;NV
lymphoid;NV
hydrometric;NV
geocentric;NV
acronymic;NV
zoological;NV
anginal;NV
astrophysical;NV
nonporous;NV
palatable;NV
ascensional;NV
silenced;NV
entozoic;NV
uncontrolled;NV
unenforced;NV
corpuscular;NV
informational;NV
bregmatic;NV
reparable;NV
geriatric;NV
vascular;NV
unmodulated;NV
informed;NV
adrenocortical;NV
licit;NV
perceptual;NV
seductive;NV
tentacled;NV
multiform;NV
juridical;NV
eyed;NV
spiritless;NV
corvine;NV
unstatesmanlike;NV
irreverent;NV
contracted;NV
turned;NV
nonionized;NV
authorial;NV
anuran;NV
uncleared;NV
unpleasant;NV
feathered;NV
heathlike;NV
unalert;NV
interesting;NV
unshelled;NV
achromatic;NV
socialistic;NV
unsaponified;NV
balletic;NV
nonunion;NV
abyssal;NV
anticlimactic;NV
useful;NV
rounded;NV
intertribal;NV
unquiet;NV
textual;NV
dimmed;NV
unshared;NV
anorthitic;NV
bibliomaniacal;NV
nonretractile;NV
indefeasible;NV
horned;NV
unsheathed;NV
optical;NV
unmated;NV
esoteric;NV
atonal;NV
unflattering;NV
inconstant;NV
aecial;NV
unwholesome;NV
mercuric;NV
armed;NV
postexilic;NV
untranslatable;NV
botryoid;NV
vestmental;NV
understood;NV
dermal;NV
orthographic;NV
jawless;NV
allantoic;NV
unsympathetic;NV
anabiotic;NV
priestly;NV
revocable;NV
sarcastic;NV
albuminous;NV
astomatal;NV
threaded;NV
unrespectable;NV
toroidal;NV
ribbed;NV
leonine;NV
ungual;NV
unmoving;NV
cardiac;NV
galactic;NV
logarithmic;NV
pentatonic;NV
human;NV
nosed;NV
naturistic;NV
ursine;NV
related;NV
unretentive;NV
menstrual;NV
garlicky;NV
undimmed;NV
fastidious;NV
zenithal;NV
patriotic;NV
atrophic;NV
handmade;NV
glycogenic;NV
expansionist;NV
extraterritorial;NV
propulsive;NV
membered;NV
interstitial;NV
beneficed;NV
leafy;NV
uncrossed;NV
shut;NV
tendinous;NV
binucleate;NV
funicular;NV
unsensational;NV
relaxed;NV
articulated;NV
uninhibited;NV
chondritic;NV
dissimilar;NV
coccygeal;NV
nonspherical;NV
proprietary;NV
matriarchal;NV
immobile;NV
outboard;NV
tired;NV
flattering;NV
chiasmal;NV
neurophysiological;NV
unmodified;NV
shod;NV
rimless;NV
illicit;NV
contralateral;NV
noncommercial;NV
outgoing;NV
maxillodental;NV
appropriative;NV
cubic;NV
adoptable;NV
emmetropic;NV
anastomotic;NV
molecular;NV
motional;NV
bracteal;NV
plantigrade;NV
entozoan;NV
photic;NV
monocarpic;NV
unmarked;NV
unadjusted;NV
gynecological;NV
fertile;NV
avellan;NV
unassigned;NV
pyrectic;NV
choragic;NV
tasteful;NV
cervical;NV
sleeved;NV
finite;NV
landed;NV
crustal;NV
vicarial;NV
unmotivated;NV
existential;NV
vasomotor;NV
refined;NV
clamatorial;NV
dictatorial;NV
caroline;NV
unambitious;NV
autotelic;NV
ctenoid;NV
postmillennial;NV
efficacious;NV
gyral;NV
injectable;NV
limacine;NV
heedful;NV
physicochemical;NV
vertebral;NV
enforceable;NV
autotrophic;NV
prophetic;NV
anasarcous;NV
capacitive;NV
appositional;NV
stingy;NV
leptosporangiate;NV
bronchiolar;NV
symptomatic;NV
synonymous;NV
uncharacteristic;NV
untanned;NV
abdominovesical;NV
unstratified;NV
polymorphous;NV
altricial;NV
anthropogenetic;NV
vestiary;NV
drained;NV
immodest;NV
symbolic;NV
cambial;NV
dendritic;NV
prejudicial;NV
systolic;NV
climactic;NV
gravitational;NV
lossless;NV
syncarpous;NV
sacrificial;NV
autobiographical;NV
domineering;NV
forcipate;NV
earless;NV
refractive;NV
graceful;NV
cytoplasmic;NV
jittery;NV
styleless;NV
biogenetic;NV
anticlinal;NV
carinal;NV
luteal;NV
seedless;NV
noncrystalline;NV
contented;NV
untangled;NV
transeunt;NV
mammary;NV
noncritical;NV
colorimetric;NV
opisthognathous;NV
occipital;NV
unadoptable;NV
retroactive;NV
fungicidal;NV
anorectal;NV
untipped;NV
rhythmical;NV
allometric;NV
regulated;NV
underhand;NV
albitic;NV
insane;NV
apropos;NV
swept;NV
taxonomic;NV
adactylous;NV
subtropical;NV
joyous;NV
classified;NV
turbinate;NV
inhabited;NV
odorless;NV
uncommitted;NV
unconscientious;NV
nonmechanical;NV
unfunded;NV
rationalistic;NV
apomictic;NV
sensorimotor;NV
noncivilized;NV
extrasensory;NV
blastospheric;NV
mild;NV
amphitheatric;NV
obedient;NV
labial;NV
dicarboxylic;NV
electronic;NV
electrocardiographic;NV
anguine;NV
dorsal;NV
colorless;NV
pentavalent;NV
amalgamative;NV
ascomycetous;NV
tangible;NV
proximal;NV
holy;NV
induced;NV
alkylic;NV
heterodactyl;NV
unnatural;NV
exterior;NV
epiphyseal;NV
sugarless;NV
macrocosmic;NV
transcendental;NV
chronological;NV
diversified;NV
permeable;NV
washable;NV
bubonic;NV
anoxic;NV
calisthenic;NV
discreet;NV
papal;NV
cervine;NV
phonic;NV
corymbose;NV
inelastic;NV
electromechanical;NV
caulescent;NV
deformational;NV
periodontic;NV
schismatic;NV
coiled;NV
apiarian;NV
suburban;NV
nonmigratory;NV
geological;NV
carotid;NV
chlorophyllose;NV
soleless;NV
triclinic;NV
postprandial;NV
exploratory;NV
curved;NV
unlubricated;NV
reproducible;NV
porphyritic;NV
trivalent;NV
moneyed;NV
methodological;NV
nonechoic;NV
secretarial;NV
perithelial;NV
armless;NV
cannibalistic;NV
synesthetic;NV
applied;NV
adventurous;NV
biochemical;NV
unmitigated;NV
precise;NV
zygodactyl;NV
tectonic;NV
unpriestly;NV
used;NV
unlamented;NV
plumbic;NV
sustentacular;NV
mayoral;NV
bibliothecal;NV
inspiring;NV
baric;NV
archducal;NV
penumbral;NV
rhizomatous;NV
faceless;NV
decreasing;NV
formic;NV
fraternal;NV
autoplastic;NV
oleaceous;NV
rural;NV
qualified;NV
unprintable;NV
monophonic;NV
unprofessional;NV
voiced;NV
mesolithic;NV
distrustful;NV
nonhuman;NV
ordered;NV
ascending;NV
seasonal;NV
intestate;NV
menopausal;NV
myopathic;NV
spectrographic;NV
asteroidal;NV
mucinous;NV
ampullar;NV
rejective;NV
abasic;NV
wigless;NV
autotomic;NV
argumentative;NV
statesmanlike;NV
hydraulic;NV
grassy;NV
dicotyledonous;NV
valved;NV
optimistic;NV
cachectic;NV
ferned;NV
cerous;NV
monetary;NV
unorthodox;NV
enolic;NV
diamantine;NV
temperamental;NV
asynchronous;NV
hemodynamic;NV
hypotonic;NV
dysgenic;NV
uncastrated;NV
deniable;NV
pilosebaceous;NV
mercurial;NV
vinous;NV
tempered;NV
uncontroversial;NV
amblyopic;NV
equinoctial;NV
bettering;NV
auspicious;NV
illogical;NV
prognathous;NV
dissuasive;NV
anemophilous;NV
won;NV
archesporial;NV
foreign;NV
powered;NV
phrenic;NV
incorrigible;NV
quadrangular;NV
autoradiographic;NV
zoonotic;NV
postwar;NV
autographic;NV
webbed;NV
extrusive;NV
conjugal;NV
sectorial;NV
sadistic;NV
experienced;NV
feudal;NV
aboral;NV
binaural;NV
correlational;NV
cerebrospinal;NV
uniate;NV
unconsummated;NV
aldehydic;NV
bibliophilic;NV
ipsilateral;NV
quantitative;NV
wintry;NV
scientific;NV
grassless;NV
passionate;NV
compliant;NV
phonogramic;NV
distal;NV
polyhedral;NV
generational;NV
unrighteous;NV
patristic;NV
regressive;NV
octangular;NV
inclusive;NV
tuberculate;NV
insufficient;NV
isentropic;NV
holophytic;NV
spicate;NV
carpal;NV
unbridgeable;NV
concessive;NV
packable;NV
uterine;NV
choric;NV
aquiferous;NV
synclinal;NV
unreportable;NV
jumentous;NV
spiritualistic;NV
majuscule;NV
framed;NV
appellate;NV
photovoltaic;NV
submissive;NV
apsidal;NV
cartographic;NV
skinned;NV
telocentric;NV
puerile;NV
advective;NV
reassuring;NV
irrational;NV
diplomatic;NV
known;NV
unalike;NV
sacculated;NV
oracular;NV
causative;NV
bicipital;NV
odorous;NV
irreligious;NV
geophysical;NV
morphemic;NV
asclepiadaceous;NV
monogamous;NV
unpretentious;NV
nocturnal;NV
cryogenic;NV
shrubby;NV
centesimal;NV
supportive;NV
uncompromising;NV
unequipped;NV
proteinaceous;NV
mucous;NV
inflected;NV
transpolar;NV
sessile;NV
promissory;NV
audiometric;NV
metabolic;NV
euphoric;NV
pudendal;NV
sportive;NV
mediatory;NV
organizational;NV
endermic;NV
eared;NV
apothecial;NV
milch;NV
coital;NV
altitudinal;NV
anoperineal;NV
muciferous;NV
chromosomal;NV
carposporous;NV
hepatic;NV
unguided;NV
saponaceous;NV
amylolytic;NV
parasympathetic;NV
surficial;NV
albuminuric;NV
uncollected;NV
uncrystallized;NV
neurotropic;NV
substantival;NV
unlivable;NV
composed;NV
softhearted;NV
ungroomed;NV
autolytic;NV
bipedal;NV
acrogenic;NV
unpardonable;NV
sociological;NV
exilic;NV
mitral;NV
seaworthy;NV
enzymatic;NV
skeletal;NV
inertial;NV
atrophied;NV
myrmecophytic;NV
boric;NV
alluvial;NV
ichorous;NV
reverberant;NV
acervate;NV
unsoured;NV
unmanly;NV
elemental;NV
osmotic;NV
geopolitical;NV
conjunctive;NV
porcine;NV
sudden;NV
undeciphered;NV
atonalistic;NV
subordinating;NV
respectable;NV
rabbinical;NV
fissionable;NV
southern;NV
ashamed;NV
crustaceous;NV
diastolic;NV
unpolished;NV
unfaceted;NV
meningeal;NV
unpunctual;NV
acaulescent;NV
polyphonic;NV
apogamic;NV
agricultural;NV
protozoal;NV
subarctic;NV
uncarved;NV
photoelectric;NV
purposeless;NV
evangelistic;NV
cucurbitaceous;NV
appetitive;NV
costal;NV
talented;NV
celiac;NV
prefectural;NV
bibliopolic;NV
veinal;NV
photomechanical;NV
seamanlike;NV
chromatic;NV
helpful;NV
peaceful;NV
buttoned;NV
polyvalent;NV
acneiform;NV
unoriented;NV
discalced;NV
inanimate;NV
falconine;NV
invertible;NV
scrupulous;NV
anaclitic;NV
archegonial;NV
regimental;NV
uninfluential;NV
aphetic;NV
uncharged;NV
augitic;NV
psychiatric;NV
interplanetary;NV
contextual;NV
datable;NV
bimetallistic;NV
leptorrhine;NV
cellular;NV
unmelted;NV
unlighted;NV
exocentric;NV
negligent;NV
trophotropic;NV
ulnar;NV
tasteless;NV
zygomorphic;NV
plugged;NV
rupestral;NV
indistinguishable;NV
vagile;NV
curly;NV
conductive;NV
carunculate;NV
unlabeled;NV
anaplastic;NV
philanthropic;NV
puranic;NV
etiological;NV
animalistic;NV
bursal;NV
unbanded;NV
bismuthic;NV
crannied;NV
albinal;NV
bungaloid;NV
mesial;NV
rentable;NV
benedictory;NV
balconied;NV
worn;NV
interested;NV
nontraditional;NV
satanic;NV
hircine;NV
biogenous;NV
scarce;NV
unshrinkable;NV
insatiate;NV
inefficacious;NV
electrostatic;NV
catatonic;NV
peninsular;NV
civic;NV
glacial;NV
censorial;NV
cyclopean;NV
catachrestic;NV
autarchic;NV
starry;NV
unpunished;NV
oneiric;NV
nonslippery;NV
katabatic;NV
crossbred;NV
psychoanalytical;NV
nonharmonic;NV
acroscopic;NV
wingless;NV
nonexistent;NV
exothermic;NV
unlined;NV
endoscopic;NV
unfree;NV
unobvious;NV
realistic;NV
empyrean;NV
unforgettable;NV
unsavory;NV
nonspeaking;NV
trabecular;NV
undefined;NV
unmotorized;NV
unshaded;NV
varicelliform;NV
unreceptive;NV
enlightened;NV
omissive;NV
journalistic;NV
antennal;NV
chiromantic;NV
unhealthful;NV
apogean;NV
listed;NV
citric;NV
unaddicted;NV
roofless;NV
insurmountable;NV
digestible;NV
conciliatory;NV
myeloid;NV
oiled;NV
magnetic;NV
keyless;NV
demagogic;NV
anthropic;NV
heterologous;NV
leafless;NV
undiplomatic;NV
alkahestic;NV
prepositional;NV
homozygous;NV
exteroceptive;NV
intercontinental;NV
pubic;NV
radiological;NV
illegal;NV
unexcited;NV
asymptotic;NV
unpaintable;NV
avifaunal;NV
conclusive;NV
biflagellate;NV
electromotive;NV
inexperienced;NV
unrecoverable;NV
pyroelectric;NV
irrelevant;NV
intradepartmental;NV
indestructible;NV
uncombed;NV
doctrinal;NV
skilled;NV
successful;NV
microcosmic;NV
chancroidal;NV
ionic;NV
biotitic;NV
unposed;NV
unsatisfactory;NV
inquiring;NV
nonreversible;NV
isothermic;NV
stoichiometric;NV
honorable;NV
tannic;NV
polygonal;NV
allylic;NV
autosomal;NV
anacoluthic;NV
racial;NV
hypothermic;NV
genic;NV
tegular;NV
joyful;NV
calligraphic;NV
calcaneal;NV
abridged;NV
icosahedral;NV
branchless;NV
popliteal;NV
consonantal;NV
glossopharyngeal;NV
drinkable;NV
citrous;NV
heterogenous;NV
catechistic;NV
squinty;NV
anthropological;NV
intrusive;NV
ethnological;NV
sexagesimal;NV
playful;NV
unactable;NV
thallophytic;NV
mandibulate;NV
dishonest;NV
fragrant;NV
psychogenetic;NV
seminiferous;NV
pubertal;NV
discomycetous;NV
unendowed;NV
maxillomandibular;NV
apologetic;NV
unopposed;NV
actable;NV
polite;NV
rhetorical;NV
taciturn;NV
inaudible;NV
anthropophagous;NV
archaeological;NV
uveal;NV
reliable;NV
advisable;NV
anaphrodisiac;NV
bronchial;NV
unimportant;NV
unturned;NV
dioecious;NV
translatable;NV
firmamental;NV
geostrategic;NV
unliveried;NV
aerophilatelic;NV
unemotional;NV
valvular;NV
inoperative;NV
myelic;NV
mesic;NV
opposable;NV
hyaloplasmic;NV
cercarial;NV
shaven;NV
satyric;NV
ciliary;NV
herbivorous;NV
geodetic;NV
rhizoidal;NV
arbitrary;NV
unexciting;NV
hyperthermal;NV
gluttonous;NV
commensurate;NV
dizygotic;NV
breasted;NV
disadvantageous;NV
ascocarpous;NV
lithographic;NV
blastemal;NV
chalybeate;NV
trihydroxy;NV
malodorous;NV
meaningful;NV
uninjured;NV
unappealable;NV
dipylon;NV
aplacental;NV
intravenous;NV
propitious;NV
archaistic;NV
marital;NV
ophthalmic;NV
hemal;NV
irreplaceable;NV
ebracteate;NV
fossiliferous;NV
intractable;NV
undeveloped;NV
orthodontic;NV
ideographic;NV
tracked;NV
juiceless;NV
profitable;NV
pelvic;NV
progestational;NV
extramural;NV
insecticidal;NV
valent;NV
synovial;NV
vicennial;NV
coccal;NV
trophoblastic;NV
gastroduodenal;NV
caloric;NV
convergent;NV
fistulous;NV
comprehensible;NV
neuropsychiatric;NV
catapultic;NV
monotheistic;NV
libidinal;NV
macrobiotic;NV
surmounted;NV
increasing;NV
covered;NV
divisible;NV
pessimistic;NV
inextricable;NV
prenuptial;NV
subsonic;NV
unshockable;NV
inedible;NV
caesural;NV
undetected;NV
synergistic;NV
mindful;NV
ankylotic;NV
unmusical;NV
inauspicious;NV
myalgic;NV
unmoved;NV
inalienable;NV
unavenged;NV
ovine;NV
prelapsarian;NV
anoxemic;NV
histological;NV
unshapely;NV
campylotropous;NV
intestinal;NV
birefringent;NV
consubstantial;NV
cochlear;NV
cholinergic;NV
nonsuppurative;NV
sarcolemmic;NV
unfastened;NV
phalangeal;NV
motivational;NV
subcortical;NV
unexploited;NV
effervescent;NV
returnable;NV
unrealistic;NV
autogenous;NV
unpalatable;NV
dactylic;NV
unrefined;NV
modifiable;NV
soluble;NV
autochthonous;NV
nosocomial;NV
variolar;NV
unequivocal;NV
pneumogastric;NV
adaptable;NV
unsized;NV
butyric;NV
prolusory;NV
lumbar;NV
vesicular;NV
tubal;NV
choral;NV
supervisory;NV
unresentful;NV
noncombustible;NV
pugilistic;NV
auxinic;NV
humic;NV
afebrile;NV
extrinsic;NV
entomological;NV
alphabetic;NV
sugary;NV
sacerdotal;NV
resolute;NV
semiterrestrial;NV
thyrotoxic;NV
virtuous;NV
flowerless;NV
unbreakable;NV
weedy;NV
episcopal;NV
unbarreled;NV
gustatory;NV
anatomic;NV
univalve;NV
violable;NV
epicyclic;NV
unplayful;NV
landless;NV
political;NV
efferent;NV
undemonstrative;NV
stomatal;NV
excited;NV
heterosporous;NV
combed;NV
oaten;NV
barometric;NV
umbelliferous;NV
anionic;NV
undrained;NV
unsinkable;NV
unscrupulous;NV
meatless;NV
germfree;NV
parenteral;NV
bifilar;NV
worthless;NV
extragalactic;NV
mucinoid;NV
agrypnotic;NV
precocial;NV
aponeurotic;NV
mecopterous;NV
uncultivated;NV
undocumented;NV
formed;NV
apophatic;NV
czarist;NV
unrenewable;NV
sensory;NV
witting;NV
incalculable;NV
hydrolyzable;NV
unplanted;NV
penile;NV
nonsyllabic;NV
bacteriological;NV
unchaste;NV
allergenic;NV
optional;NV
chylific;NV
seismological;NV
hydrophilic;NV
animatistic;NV
intracerebral;NV
merciless;NV
ecclesiastical;NV
antitypic;NV
mucosal;NV
acropetal;NV
ritualistic;NV
unfixed;NV
spectral;NV
hymenopterous;NV
disingenuous;NV
homeopathic;NV
lunisolar;NV
neural;NV
unseaworthy;NV
warmhearted;NV
cardiopulmonary;NV
caducous;NV
unethical;NV
awake;NV
panicled;NV
cherty;NV
cerebral;NV
thyroid;NV
bibliographic;NV
dipolar;NV
pretentious;NV
implausible;NV
cytolytic;NV
heterozygous;NV
cheliceral;NV
shaded;NV
unqualified;NV
masonic;NV
cationic;NV
blended;NV
parous;NV
passable;NV
ballistic;NV
pyogenic;NV
amphoteric;NV
handed;NV
classificatory;NV
macrocephalic;NV
abiogenetic;NV
sinkable;NV
azonal;NV
impolitic;NV
expanded;NV
impressionistic;NV
probabilistic;NV
subjunctive;NV
allopathic;NV
enterprising;NV
aerolitic;NV
adhesive;NV
willing;NV
gloveless;NV
lysogenic;NV
leprous;NV
concentric;NV
chlorotic;NV
unemployable;NV
hooflike;NV
zonal;NV
toeless;NV
irrevocable;NV
ribless;NV
taxable;NV
marly;NV
convex;NV
ovoviviparous;NV
insincere;NV
oncological;NV
clement;NV
acyclic;NV
deductive;NV
unsolved;NV
indigestible;NV
pancreatic;NV
inelegant;NV
unregenerate;NV
testate;NV
prostate;NV
radiographic;NV
agrobiologic;NV
uninstructive;NV
cephalic;NV
bedless;NV
diluvian;NV
undiluted;NV
zygomatic;NV
metamorphic;NV
pleomorphic;NV
orthopedic;NV
allotropic;NV
achondritic;NV
undesirous;NV
calcifugous;NV
immutable;NV
rosaceous;NV
subsurface;NV
unscientific;NV
legged;NV
tetravalent;NV
azotic;NV
optative;NV
incongruent;NV
agronomic;NV
catoptric;NV
socioeconomic;NV
incompressible;NV
jurisprudential;NV
unlike;NV
hatless;NV
piratical;NV
positional;NV
printable;NV
unconventional;NV
responsive;NV
incomprehensible;NV
pyrogenic;NV
phagocytic;NV
catkinate;NV
unawed;NV
bacteroidal;NV
monocarboxylic;NV
electromagnetic;NV
biographic;NV
syllogistic;NV
unwary;NV
appealable;NV
uneager;NV
unoffending;NV
apian;NV
administrative;NV
philhellenic;NV
lexicographic;NV
catadromous;NV
chordal;NV
gonadotropic;NV
untraveled;NV
noseless;NV
unglazed;NV
fingerless;NV
earthen;NV
dental;NV
aluminous;NV
sepulchral;NV
unprotective;NV
skinless;NV
disreputable;NV
crowned;NV
arenaceous;NV
radiotelephonic;NV
indexical;NV
unwitting;NV
epithelial;NV
monocotyledonous;NV
frictionless;NV
ceilinged;NV
ineradicable;NV
unearned;NV
prosthetic;NV
retractile;NV
apteral;NV
homophonous;NV
suspected;NV
uncompassionate;NV
myoid;NV
pyemic;NV
hemiparasitic;NV
unfrozen;NV
scapulohumeral;NV
antheridial;NV
auroral;NV
filial;NV
supernaturalist;NV
nonprofessional;NV
anemometric;NV
hematopoietic;NV
nonmetamorphic;NV
millennial;NV
subsequent;NV
unrhetorical;NV
exocrine;NV
anaerobic;NV
informative;NV
livable;NV
anabolic;NV
predicative;NV
unbaptized;NV
wigged;NV
heliacal;NV
fitted;NV
unequal;NV
baboonish;NV
unchanged;NV
parametric;NV
unplayable;NV
abactinal;NV
gastrointestinal;NV
hopeful;NV
spondaic;NV
wrapped;NV
resistive;NV
voluble;NV
transitive;NV
maxillary;NV
conceptualistic;NV
mensal;NV
hemorrhagic;NV
neuralgic;NV
embolic;NV
macrencephalic;NV
aeriferous;NV
ulcerative;NV
sincere;NV
papillate;NV
hornless;NV
phosphorous;NV
bismuthal;NV
anterograde;NV
theoretical;NV
carposporic;NV
incestuous;NV
sporogenous;NV
categorematic;NV
estrogenic;NV
lipless;NV
intervertebral;NV
antecubital;NV
migratory;NV
litigious;NV
calyptrate;NV
avirulent;NV
loyal;NV
inoffensive;NV
phonetic;NV
auditory;NV
nonproprietary;NV
tuneless;NV
unprecedented;NV
cathectic;NV
thematic;NV
unloved;NV
blastomycotic;NV
nonrigid;NV
ungenerous;NV
calcific;NV
basiscopic;NV
uninsured;NV
nonpasserine;NV
neuropsychological;NV
neolithic;NV
wieldy;NV
bizonal;NV
residential;NV
nonstandard;NV
migrational;NV
undramatic;NV
unimpressionable;NV
stingless;NV
salaried;NV
acaudate;NV
nihilistic;NV
autologous;NV
transoceanic;NV
punctual;NV
sluicing;NV
pyknotic;NV
ischemic;NV
hypertonic;NV
immeasurable;NV
unfinished;NV
multilingual;NV
impermeable;NV
empiric;NV
protrusive;NV
ethnocentric;NV
unwoven;NV
humoral;NV
arithmetical;NV
allochthonous;NV
meretricious;NV
boronic;NV
staphylococcal;NV
knowable;NV
pedagogical;NV
musicological;NV
quadrupedal;NV
humorous;NV
morphologic;NV
catechetical;NV
caryophyllaceous;NV
removable;NV
neoplastic;NV
political;NV
choreographic;NV
imprecise;NV
cubital;NV
amenorrheic;NV
purebred;NV
econometric;NV
unshod;NV
scotomatous;NV
cytoplastic;NV
undignified;NV
bicapsular;NV
solar;NV
recoverable;NV
cataclinal;NV
considerable;NV
unheaded;NV
unscholarly;NV
repetitive;NV
arteriosclerotic;NV
peritoneal;NV
unhelpful;NV
siliceous;NV
actuarial;NV
unexpired;NV
rickettsial;NV
pictographic;NV
peroneal;NV
fanged;NV
unexpected;NV
uninspiring;NV
biotic;NV
limbless;NV
amphibious;NV
melted;NV
behavioristic;NV
eutrophic;NV
onomatopoeic;NV
maxillofacial;NV
parhelic;NV
homosporous;NV
adiabatic;NV
monoecious;NV
multilateral;NV
autocatalytic;NV
unbalconied;NV
biogeographic;NV
caruncular;NV
idiographic;NV
unvoiced;NV
chlamydeous;NV
glial;NV
intuitionist;NV
nonreciprocal;NV
malignant;NV
beaked;NV
unstressed;NV
zymotic;NV
testamentary;NV
extracellular;NV
arterial;NV
lipped;NV
phylogenetic;NV
sized;NV
hydroxy;NV
geographic;NV
congressional;NV
necrotic;NV
normative;NV
paranormal;NV
inviting;NV
onymous;NV
totemic;NV
unprovocative;NV
unbordered;NV
unweaned;NV
unmalted;NV
catarrhine;NV
anuretic;NV
meteorologic;NV
unmown;NV
parochial;NV
numerical;NV
myelinated;NV
continental;NV
enteric;NV
professorial;NV
drupaceous;NV
excretory;NV
nontoxic;NV
affected;NV
sternal;NV
predestinarian;NV
armillary;NV
homogeneous;NV
philological;NV
syncretic;NV
contemptible;NV
otic;NV
pectineal;NV
thermoelectric;NV
parotid;NV
lymphatic;NV
undefeated;NV
noninheritable;NV
summery;NV
unaware;NV
malarial;NV
malnourished;NV
rotary;NV
depressing;NV
remediable;NV
gestational;NV
directional;NV
nonsurgical;NV
instructive;NV
clonal;NV
circulative;NV
farsighted;NV
stimulative;NV
aplitic;NV
acetonic;NV
basophilic;NV
noninfectious;NV
infallible;NV
recreational;NV
germy;NV
behavioral;NV
vagal;NV
adnate;NV
unironed;NV
tibial;NV
ohmic;NV
biauricular;NV
stemless;NV
tonal;NV
intimal;NV
unvaried;NV
calendric;NV
biological;NV
thrifty;NV
alkaline;NV
necked;NV
categorial;NV
anticyclonic;NV
residuary;NV
axile;NV
visceral;NV
unreflected;NV
teratogenic;NV
lobate;NV
unidirectional;NV
blastogenetic;NV
unintended;NV
forceful;NV
rhinal;NV
febrile;NV
pneumococcal;NV
enforced;NV
invulnerable;NV
counterrevolutionary;NV
lobar;NV
photometric;NV
intrastate;NV
incorporeal;NV
inopportune;NV
mortuary;NV
peaty;NV
aptitudinal;NV
perineal;NV
iconic;NV
aerobic;NV
dacitic;NV
unsupported;NV
organicistic;NV
medical;NV
covalent;NV
phonological;NV
bimodal;NV
femoral;NV
unwearable;NV
vesical;NV
agrologic;NV
legless;NV
eugenic;NV
bryophytic;NV
articulatory;NV
wrinkled;NV
written;NV
statistical;NV
untalented;NV
stubborn;NV
faced;NV
spousal;NV
proprioceptive;NV
inbred;NV
genetic;NV
unaggressive;NV
greater;NV
untied;NV
genotypical;NV
fibrocartilaginous;NV
axillary;NV
heavenly;NV
ventral;NV
filariid;NV
urinary;NV
chorionic;NV
outbred;NV
gallinaceous;NV
supraorbital;NV
saved;NV
achenial;NV
inexpressible;NV
sigmoid;NV
metric;NV
undamaged;NV
astigmatic;NV
replaceable;NV
endomorphic;NV
bromic;NV
lunar;NV
integumentary;NV
untrimmed;NV
tidal;NV
walleyed;NV
hydrocephalic;NV
vicinal;NV
cutaneous;NV
resinlike;NV
unappetizing;NV
croupy;NV
autoecious;NV
argillaceous;NV
liberalism;NV
sextant;NV
stacker;NV
hydrogel;NV
calcium;NV
leprosy;NV
adviser;NV
ricer;NV
behalf;NV
loser;NV
blacksmith;NV
submergence;NV
inspectorship;NV
megaphone;NV
purchase;NV
indemnity;NV
hypostasis;NV
buskin;NV
viscountess;NV
tooth;NV
synchrotron;NV
sinner;NV
li;NV
procaine;NV
poltergeist;NV
quern;NV
deviltry;NV
chaja;NV
clubroom;NV
separation;NV
cavity;NV
flammability;NV
bitthead;NV
avarice;NV
bugbane;NV
flamenco;NV
evocation;NV
carving;NV
faucet;NV
bladderpod;NV
secant;NV
comber;NV
mandamus;NV
greaves;NV
countersink;NV
joy;NV
electrostatics;NV
debtor;NV
crankiness;NV
arranger;NV
manor;NV
yale;NV
rowdiness;NV
seaway;NV
intercourse;NV
allegory;NV
bran;NV
ablution;NV
macule;NV
curassow;NV
beefwood;NV
plexor;NV
kahikatea;NV
opera;NV
injection;NV
granulocyte;NV
agedness;NV
silvervine;NV
tribalism;NV
tarsus;NV
glabella;NV
footwall;NV
biophysics;NV
assertion;NV
replacement;NV
potassium;NV
beautification;NV
blowout;NV
enemy;NV
heath;NV
nectarine;NV
paleoanthropology;NV
stele;NV
invocation;NV
monotone;NV
catmint;NV
neediness;NV
isoleucine;NV
telepathist;NV
pony;NV
expedition;NV
dearth;NV
counterglow;NV
cypress;NV
faun;NV
tagger;NV
idea;NV
chloride;NV
abfarad;NV
toxicity;NV
occiput;NV
showman;NV
blastema;NV
trope;NV
daydreamer;NV
nephralgia;NV
arginine;NV
substance;NV
deaconess;NV
yarder;NV
quadrille;NV
xi;NV
assignee;NV
maya;NV
kelly;NV
cremation;NV
undershrub;NV
felwort;NV
junk;NV
barley;NV
miasma;NV
dhole;NV
imperialism;NV
writing;NV
chimpanzee;NV
consulate;NV
lipomatosis;NV
kinetoscope;NV
barnful;NV
preceptor;NV
tisane;NV
snatcher;NV
abandonment;NV
festival;NV
amorist;NV
reticulocyte;NV
complacency;NV
dimorphism;NV
landlord;NV
chaplaincy;NV
nonmember;NV
granter;NV
bocce;NV
capsaicin;NV
snakebite;NV
microscopist;NV
novena;NV
fitness;NV
recital;NV
inamorato;NV
cholecystokinin;NV
leg;NV
altazimuth;NV
disjointedness;NV
baryta;NV
sandman;NV
oophorectomy;NV
anteroom;NV
escalator;NV
microsecond;NV
fisc;NV
ommatidium;NV
dita;NV
unkindness;NV
taster;NV
apologetics;NV
tightness;NV
agrobiology;NV
diploidy;NV
abscissa;NV
accuracy;NV
numen;NV
decathlon;NV
starets;NV
cadenza;NV
simulacrum;NV
meal;NV
gunman;NV
blowtube;NV
complementation;NV
dauphin;NV
palatinate;NV
paletiology;NV
error;NV
apache;NV
chancellor;NV
department;NV
myotonia;NV
silverweed;NV
priesthood;NV
quadrivium;NV
medic;NV
angiosarcoma;NV
blastula;NV
invader;NV
rubdown;NV
hiddenite;NV
martingale;NV
baloney;NV
examination;NV
benefaction;NV
horseleech;NV
costumier;NV
assibilation;NV
mantra;NV
moonstone;NV
towline;NV
flimsiness;NV
adventure;NV
analogist;NV
hemodynamics;NV
methane;NV
determination;NV
cuprite;NV
barnstormer;NV
fauces;NV
boatman;NV
knothole;NV
schwa;NV
conceptualization;NV
biosynthesis;NV
minimalism;NV
ipecac;NV
supplejack;NV
foreshank;NV
camera;NV
approbation;NV
music;NV
marlin;NV
psychotherapist;NV
czarina;NV
oatcake;NV
camwood;NV
duffel;NV
ladyship;NV
proprietress;NV
alchemy;NV
aminopyrine;NV
adorability;NV
strut;NV
geophysics;NV
plausibility;NV
megasporophyll;NV
pycnidium;NV
crutch;NV
booby;NV
foreshock;NV
carafe;NV
uncus;NV
cadmium;NV
triumvir;NV
plasmapheresis;NV
automatism;NV
description;NV
plater;NV
daisy;NV
macromolecule;NV
aplasia;NV
fleawort;NV
curlew;NV
abortion;NV
circumduction;NV
hectometer;NV
cannibalism;NV
ambusher;NV
sledder;NV
bellbird;NV
brigadier;NV
contradistinction;NV
utensil;NV
tannery;NV
garlic;NV
conscription;NV
defalcation;NV
executrix;NV
remarriage;NV
dale;NV
terminus;NV
wasp;NV
aftershock;NV
outrider;NV
starvation;NV
weeper;NV
dipterocarp;NV
toke;NV
lev;NV
assassination;NV
dysfunction;NV
surd;NV
illegitimacy;NV
satanist;NV
tetrameter;NV
teacup;NV
crapaud;NV
luger;NV
shipworm;NV
psychophysicist;NV
agua;NV
pantile;NV
fiancee;NV
wigwam;NV
plodder;NV
worthiness;NV
designatum;NV
sparkler;NV
perception;NV
introversion;NV
coolie;NV
phlebectomy;NV
carpospore;NV
length;NV
edelweiss;NV
confirmation;NV
intermezzo;NV
agoraphobia;NV
restriction;NV
limnologist;NV
poteen;NV
boardwalk;NV
pavior;NV
figuration;NV
trammel;NV
liana;NV
brassard;NV
subdivision;NV
roadbook;NV
patisserie;NV
panopticon;NV
federalization;NV
rhizoid;NV
neurotoxin;NV
aphesis;NV
sawwort;NV
dixie;NV
schist;NV
dieter;NV
lettuce;NV
parlor;NV
womankind;NV
eviction;NV
evenness;NV
separatist;NV
disunion;NV
norma;NV
stepmother;NV
albee;NV
splicer;NV
puffing;NV
sailor;NV
tipstaff;NV
brassiere;NV
millstone;NV
sweatshop;NV
mydriasis;NV
softy;NV
gametophore;NV
refreshment;NV
theology;NV
mores;NV
isobutylene;NV
convection;NV
thoracotomy;NV
commotion;NV
springboard;NV
emulsifier;NV
unruliness;NV
booklet;NV
reflection;NV
broccoli;NV
kremlin;NV
cyclopia;NV
coastland;NV
llano;NV
wobbler;NV
schipperke;NV
role;NV
obtainment;NV
postulation;NV
thumbnail;NV
smith;NV
aerophagia;NV
lighterage;NV
anarchism;NV
bali;NV
ohmmeter;NV
transmission;NV
tammy;NV
otoscope;NV
insectivore;NV
justice;NV
grogginess;NV
treelet;NV
scanner;NV
homelessness;NV
parochialism;NV
tektite;NV
psychogenesis;NV
allusion;NV
permutability;NV
throatwort;NV
pedophilia;NV
spume;NV
crinkleroot;NV
allogamy;NV
rotation;NV
papacy;NV
puppy;NV
agnosia;NV
repossession;NV
notification;NV
pinfish;NV
longhorn;NV
disinheritance;NV
synagogue;NV
herbicide;NV
isomorphism;NV
cleanness;NV
e;NV
flair;NV
psammoma;NV
siderite;NV
ventriloquist;NV
perfectionism;NV
ormolu;NV
megacolon;NV
marlberry;NV
cocarboxylase;NV
microorganism;NV
basis;NV
leftism;NV
modillion;NV
titer;NV
vixen;NV
oligomenorrhea;NV
bedbug;NV
prevalence;NV
sanatorium;NV
foramen;NV
goniometer;NV
xanthelasma;NV
gantry;NV
tamarisk;NV
printing;NV
youngness;NV
turbidity;NV
ending;NV
inhomogeneity;NV
actinium;NV
breadroot;NV
gurnard;NV
silique;NV
hypotonicity;NV
adenitis;NV
chromatography;NV
controversy;NV
seismologist;NV
syringa;NV
decortication;NV
shearwater;NV
tumor;NV
attentiveness;NV
nucleolus;NV
wildness;NV
inquest;NV
sisterhood;NV
rapeseed;NV
orchestrator;NV
edger;NV
didacticism;NV
tritium;NV
breath;NV
counterproposal;NV
cymling;NV
urodele;NV
toroid;NV
overpayment;NV
wiggle;NV
ladyfish;NV
hussar;NV
jewfish;NV
acidimetry;NV
wildfire;NV
scaler;NV
mercilessness;NV
library;NV
nim;NV
ovenbird;NV
zizz;NV
neencephalon;NV
incompressibility;NV
schnitzel;NV
deference;NV
animator;NV
pussycat;NV
wrestler;NV
polygyny;NV
inflater;NV
alastrim;NV
cocktail;NV
kenning;NV
ligation;NV
relict;NV
narrator;NV
bluing;NV
cache;NV
anaphase;NV
unit;NV
revision;NV
stewardship;NV
scapegrace;NV
maladjustment;NV
kent;NV
autoradiograph;NV
casaba;NV
hookah;NV
dryness;NV
oligopoly;NV
swainsona;NV
pasqueflower;NV
newsworthiness;NV
heron;NV
cowfish;NV
misinformation;NV
formalism;NV
octet;NV
myalgia;NV
haploidy;NV
irradiation;NV
intrusion;NV
eggnog;NV
geography;NV
riflebird;NV
taximeter;NV
judiciousness;NV
projection;NV
tilth;NV
saiga;NV
rurality;NV
fussiness;NV
alveolus;NV
mariner;NV
gecko;NV
aptitude;NV
oilcloth;NV
reshipment;NV
lambert;NV
raccoon;NV
periodical;NV
parameter;NV
halfpennyworth;NV
accelerometer;NV
commodore;NV
inelegance;NV
attribute;NV
uke;NV
kunzite;NV
estrone;NV
shrimper;NV
ashlar;NV
quinidine;NV
sphericity;NV
investigation;NV
glider;NV
crownbeard;NV
kapeika;NV
graphite;NV
manakin;NV
duma;NV
samite;NV
embalmer;NV
sambar;NV
mounter;NV
nan;NV
materiel;NV
prepuce;NV
sluggishness;NV
catcher;NV
multiplier;NV
motorman;NV
proceeding;NV
slander;NV
interpretation;NV
inquiry;NV
introspectiveness;NV
excellency;NV
dairyman;NV
becomingness;NV
opportuneness;NV
eparch;NV
gingivitis;NV
parvis;NV
distinction;NV
diapason;NV
threescore;NV
siskin;NV
curator;NV
newscaster;NV
context;NV
agaricaceae;NV
seedtime;NV
microphotometer;NV
rattlesnake;NV
subtlety;NV
obeche;NV
conspicuousness;NV
distention;NV
plesiosaur;NV
catheter;NV
saturation;NV
trustworthiness;NV
bravado;NV
acidemia;NV
beachhead;NV
diabolism;NV
parimutuel;NV
doorknob;NV
radiance;NV
onlooker;NV
encaustic;NV
rhizopod;NV
gyrostabilizer;NV
biotype;NV
delicious;NV
cholelithiasis;NV
incrustation;NV
horseplay;NV
grandparent;NV
delegacy;NV
solarization;NV
banger;NV
upstart;NV
apatite;NV
ambivalence;NV
carbonization;NV
bleacher;NV
acquaintance;NV
copartner;NV
tower;NV
biology;NV
tosser;NV
auspices;NV
chromatid;NV
windfall;NV
warder;NV
piglet;NV
keeping;NV
indri;NV
vichyssoise;NV
chromesthesia;NV
oersted;NV
washbasin;NV
viceroyalty;NV
travelogue;NV
ammonification;NV
darnel;NV
farad;NV
yin;NV
flathead;NV
while;NV
sweetleaf;NV
cocotte;NV
tau;NV
aspersorium;NV
ketembilla;NV
mammon;NV
coucal;NV
superannuation;NV
clause;NV
theory;NV
spondee;NV
pannier;NV
tundra;NV
glycerogelatin;NV
secretion;NV
moosewood;NV
tympanist;NV
inventor;NV
parallelism;NV
bagel;NV
whiffletree;NV
boy;NV
synergist;NV
subspecies;NV
anuresis;NV
dialectics;NV
playbook;NV
chigoe;NV
osteodystrophy;NV
naprapath;NV
sequestration;NV
tardiness;NV
oxalate;NV
headway;NV
crammer;NV
centrum;NV
pliancy;NV
secretaryship;NV
kummel;NV
gatepost;NV
youth;NV
scrapple;NV
misopedia;NV
column;NV
physics;NV
kickoff;NV
stopover;NV
heretic;NV
lode;NV
sporangium;NV
criminalism;NV
incomprehensibility;NV
lactosuria;NV
synonym;NV
drollery;NV
distillate;NV
minder;NV
preterit;NV
absolution;NV
shortener;NV
fulmar;NV
despisal;NV
treatment;NV
gastrocnemius;NV
primer;NV
threepence;NV
tarpaulin;NV
ramble;NV
mesophyte;NV
reactance;NV
leaflet;NV
schizothymia;NV
wetting;NV
plasmodium;NV
marrowbone;NV
stargazer;NV
crassness;NV
embryo;NV
obscurantism;NV
amarelle;NV
devisal;NV
internship;NV
killifish;NV
armament;NV
rester;NV
quinone;NV
silk;NV
ester;NV
palmitin;NV
nasopharynx;NV
enthusiasm;NV
extirpation;NV
maulstick;NV
navigability;NV
recurrence;NV
hatchet;NV
hexapod;NV
hawser;NV
hagiography;NV
zeta;NV
breadwinner;NV
pistol;NV
alliteration;NV
saxhorn;NV
spinner;NV
ovotestis;NV
sestet;NV
senility;NV
inexpedience;NV
stethoscope;NV
tetrahedron;NV
hardbake;NV
dinnertime;NV
angulation;NV
mesoderm;NV
resignation;NV
bacchant;NV
invitation;NV
manipulation;NV
brass;NV
cascara;NV
animalization;NV
sarsaparilla;NV
quadrillion;NV
monochrome;NV
sedulity;NV
terrorist;NV
calabash;NV
clothing;NV
pontoon;NV
coelacanth;NV
aperture;NV
armilla;NV
protection;NV
incontinence;NV
softening;NV
woodwork;NV
fardel;NV
retina;NV
haggler;NV
anagoge;NV
larcenist;NV
guru;NV
shaman;NV
suffragist;NV
adultery;NV
patrial;NV
stirrer;NV
fuselage;NV
chiasmus;NV
valuer;NV
lipogram;NV
corker;NV
denomination;NV
scaliness;NV
headquarters;NV
fulcrum;NV
biquadrate;NV
insomnia;NV
starter;NV
selenium;NV
pornographer;NV
inefficiency;NV
scrutinizer;NV
speculator;NV
silt;NV
derivation;NV
polymorph;NV
tempest;NV
phellem;NV
validity;NV
frequentative;NV
sanctuary;NV
gyro;NV
snuffler;NV
epididymis;NV
misanthropy;NV
pictograph;NV
ropewalker;NV
stippler;NV
kachin;NV
brilliantine;NV
enchanter;NV
tartlet;NV
flower;NV
androgen;NV
pang;NV
pteridophyte;NV
delectability;NV
romanticism;NV
proprioceptor;NV
calash;NV
transvestism;NV
thulium;NV
landfall;NV
population;NV
importance;NV
carton;NV
idol;NV
ethics;NV
seismography;NV
orchid;NV
brambling;NV
muscularity;NV
boulder;NV
evangelicalism;NV
damnation;NV
sparganium;NV
teratogenesis;NV
indexing;NV
cytolysis;NV
layman;NV
dictator;NV
jaconet;NV
steelyard;NV
shielding;NV
turgidity;NV
candlewood;NV
fallaciousness;NV
nonpareil;NV
borough;NV
bareboat;NV
pleasure;NV
satin;NV
irredenta;NV
pint;NV
germander;NV
dewdrop;NV
diminution;NV
burner;NV
alkalemia;NV
wardership;NV
antheridiophore;NV
hopelessness;NV
defaulter;NV
vernation;NV
weeder;NV
rebuttal;NV
anisotropy;NV
inopportuneness;NV
genitive;NV
sarcosine;NV
grader;NV
burglar;NV
nasturtium;NV
jest;NV
metic;NV
protectionism;NV
horsetail;NV
io;NV
cohesion;NV
fellow;NV
ribbonfish;NV
snootiness;NV
hereditarianism;NV
necessitarian;NV
matriculation;NV
quietist;NV
sucre;NV
bichromate;NV
impairment;NV
acaricide;NV
cardia;NV
dissolubility;NV
keratocele;NV
formulation;NV
toner;NV
contretemps;NV
firkin;NV
mystery;NV
rabat;NV
chloroacetophenone;NV
wedding;NV
opalescence;NV
sepia;NV
devoutness;NV
mandolin;NV
raja;NV
bedclothes;NV
nation;NV
lithophyte;NV
loyalty;NV
centesimo;NV
fortuneteller;NV
waterline;NV
pinchgut;NV
therapsid;NV
coachbuilder;NV
traitor;NV
bluffness;NV
cabinetmaker;NV
metalepsis;NV
haberdashery;NV
fatherhood;NV
desorption;NV
balsamroot;NV
coxcomb;NV
evacuation;NV
kiang;NV
lucubration;NV
gimbal;NV
wherewithal;NV
discontinuity;NV
constitutionalist;NV
determent;NV
piracy;NV
canaliculus;NV
topognosia;NV
maguey;NV
foretop;NV
salutation;NV
autoimmunity;NV
merman;NV
appendectomy;NV
emphasis;NV
granddaughter;NV
ardor;NV
quaestor;NV
transcript;NV
nook;NV
baboon;NV
testacean;NV
ubiquity;NV
guesthouse;NV
biographer;NV
counterplea;NV
pseudonym;NV
altimeter;NV
butler;NV
cerate;NV
jaguar;NV
a;NV
adieu;NV
snailflower;NV
sprat;NV
wristband;NV
acupuncture;NV
guardroom;NV
mycophagist;NV
cartilaginification;NV
thickness;NV
crookedness;NV
sporophore;NV
gynecology;NV
ruskin;NV
educator;NV
xerostomia;NV
tangent;NV
solicitor;NV
jocosity;NV
dextrocardia;NV
headsman;NV
wilderness;NV
radioscopy;NV
diode;NV
carrier;NV
handspring;NV
abolitionism;NV
usurer;NV
parakeet;NV
parasitism;NV
tarantula;NV
slumber;NV
cantaloupe;NV
fabulist;NV
player;NV
blues;NV
ewe;NV
colleague;NV
sheep;NV
calamity;NV
nightingale;NV
caste;NV
smallpox;NV
chickasaw;NV
deficit;NV
secretary;NV
scalper;NV
ptarmigan;NV
catling;NV
injustice;NV
trave;NV
porbeagle;NV
craniometry;NV
manifestation;NV
justness;NV
tort;NV
jerkin;NV
microcosm;NV
jabiru;NV
footwear;NV
beneficence;NV
celt;NV
rosewood;NV
citation;NV
jotting;NV
abdication;NV
doldrums;NV
scrip;NV
negotiator;NV
ketohexose;NV
idleness;NV
hatful;NV
godchild;NV
catkin;NV
hoarder;NV
inlet;NV
fable;NV
uremia;NV
macrocytosis;NV
principalship;NV
colophony;NV
easiness;NV
ducking;NV
metrorrhagia;NV
mephitis;NV
archenteron;NV
sectionalism;NV
dolor;NV
toxin;NV
flashlight;NV
escapist;NV
afterimage;NV
grocer;NV
lighting;NV
radiotelephone;NV
primrose;NV
barbican;NV
dotard;NV
spoonerism;NV
fucoid;NV
parallelogram;NV
offerer;NV
horsepower;NV
fishmonger;NV
denunciation;NV
swordfish;NV
reproducibility;NV
justiciar;NV
programmer;NV
childishness;NV
masonite;NV
parcellation;NV
germanite;NV
easing;NV
invalidity;NV
gamecock;NV
conservation;NV
annunciator;NV
medlar;NV
carryall;NV
eyelessness;NV
phonophobia;NV
mobcap;NV
selvage;NV
boxfish;NV
broadax;NV
thrombocytopenia;NV
gar;NV
undies;NV
slattern;NV
curatorship;NV
pelter;NV
expurgation;NV
thyroxine;NV
bogart;NV
punkie;NV
earthnut;NV
lux;NV
tachogram;NV
immediacy;NV
bigamy;NV
signaler;NV
historiography;NV
sienna;NV
ancestry;NV
phenomenon;NV
impatience;NV
prefixation;NV
quilting;NV
circumscription;NV
aga;NV
nitrification;NV
crith;NV
classroom;NV
inaccuracy;NV
philogyny;NV
fratricide;NV
illness;NV
parliamentarian;NV
infiltration;NV
shunter;NV
orthodoxy;NV
grenadier;NV
titillation;NV
laundry;NV
prowler;NV
midway;NV
crossbones;NV
ripening;NV
nutrient;NV
detachment;NV
chubbiness;NV
expression;NV
swiftlet;NV
liberality;NV
pyromancer;NV
piper;NV
heliolatry;NV
swale;NV
unpersuasiveness;NV
menstruation;NV
exhibition;NV
bedroom;NV
defensibility;NV
galley;NV
distaff;NV
instillation;NV
leopard;NV
graphics;NV
schizophrenia;NV
itineration;NV
cabernet;NV
reverie;NV
safflower;NV
hygrometer;NV
incest;NV
commonness;NV
nephrotoxin;NV
disaffection;NV
landscapist;NV
posturer;NV
annotation;NV
varicosity;NV
bulla;NV
wand;NV
cheapness;NV
comstockery;NV
engraving;NV
monogamist;NV
misfit;NV
threonine;NV
phonogram;NV
reversibility;NV
lacewing;NV
lymphocytosis;NV
naturalness;NV
sebum;NV
disorganization;NV
tay;NV
bitters;NV
noumenon;NV
cachexia;NV
nonintervention;NV
sensorium;NV
woodpecker;NV
trifolium;NV
totara;NV
preservationist;NV
versatility;NV
corruptness;NV
sesquipedality;NV
bloodguilt;NV
golem;NV
philologist;NV
insentience;NV
constable;NV
armoire;NV
decker;NV
replica;NV
trichoptera;NV
seasoner;NV
clothier;NV
stationery;NV
calypso;NV
adobe;NV
auricle;NV
nostril;NV
barcarole;NV
reductase;NV
machinist;NV
pia;NV
peritonitis;NV
cellarage;NV
toller;NV
infestation;NV
baldachin;NV
rigmarole;NV
fulmination;NV
shamefulness;NV
pentathlete;NV
conoclinium;NV
sensuality;NV
twinberry;NV
paraparesis;NV
penuriousness;NV
intermittence;NV
contradictoriness;NV
herbivore;NV
astragalus;NV
sundowner;NV
genipap;NV
cockspur;NV
genuineness;NV
garroter;NV
counterblow;NV
misogyny;NV
unskillfulness;NV
concerto;NV
exudation;NV
dolefulness;NV
popery;NV
dreadnought;NV
redoubt;NV
animatism;NV
disparity;NV
arachnid;NV
ostracoderm;NV
syneresis;NV
pill;NV
barker;NV
isotherm;NV
anniversary;NV
visitation;NV
newspaper;NV
policyholder;NV
swastika;NV
liar;NV
ephemeris;NV
prayer;NV
shivaree;NV
simnel;NV
nudism;NV
pericardium;NV
gooseneck;NV
myometrium;NV
stickweed;NV
pewee;NV
anastalsis;NV
webfoot;NV
sudatorium;NV
chateau;NV
overproduction;NV
encounter;NV
neutron;NV
atonality;NV
agitator;NV
stinker;NV
tetra;NV
dickey;NV
hypocalcemia;NV
ascension;NV
byssus;NV
agnosticism;NV
astatine;NV
monal;NV
waller;NV
bolete;NV
amontillado;NV
racker;NV
aliyah;NV
foresight;NV
stoutness;NV
afterlife;NV
huddler;NV
phallus;NV
jewel;NV
radiolarian;NV
paradise;NV
lookout;NV
flippancy;NV
vower;NV
computer;NV
typhoon;NV
impression;NV
lepidomelane;NV
mamo;NV
crotaphion;NV
garrulity;NV
soffit;NV
wastage;NV
hemiparasite;NV
bravura;NV
spindle;NV
benzene;NV
thanatopsis;NV
fatness;NV
success;NV
keratonosus;NV
syndrome;NV
crake;NV
scape;NV
prejudgment;NV
laryngopharyngitis;NV
cantor;NV
ringer;NV
angina;NV
phagocytosis;NV
frankness;NV
mortmain;NV
phosphorus;NV
bucktooth;NV
sounder;NV
baccharis;NV
remains;NV
limey;NV
agriculture;NV
photographer;NV
subeditor;NV
galactosis;NV
damper;NV
polymorphism;NV
annunciation;NV
poppy;NV
wombat;NV
lightwood;NV
symphonist;NV
gaudery;NV
timekeeper;NV
tea;NV
cuckoldry;NV
pyelogram;NV
mooring;NV
stitchwort;NV
magpie;NV
caffeinism;NV
stardom;NV
mythology;NV
denominator;NV
tangram;NV
anaerobe;NV
capitation;NV
silverrod;NV
megalomaniac;NV
barony;NV
angioma;NV
rudd;NV
patio;NV
blimp;NV
intimidation;NV
songstress;NV
volumeter;NV
horsecloth;NV
fistula;NV
sennit;NV
rounding;NV
preachification;NV
widgeon;NV
dormancy;NV
rocker;NV
disequilibrium;NV
pinning;NV
survival;NV
monopolist;NV
recollection;NV
vestibule;NV
nudist;NV
criminology;NV
rendition;NV
impregnation;NV
conduction;NV
deacon;NV
analysand;NV
majority;NV
abnegation;NV
achondrite;NV
fluoroscopy;NV
aberration;NV
spatterdock;NV
viability;NV
cashbox;NV
tutu;NV
papillon;NV
stallion;NV
impulsiveness;NV
myeloblast;NV
apex;NV
rep;NV
eburnation;NV
nipple;NV
conciseness;NV
scorpion;NV
tweeter;NV
hypochlorite;NV
anxiousness;NV
monocot;NV
interval;NV
gradient;NV
acorn;NV
inadmissibility;NV
heckler;NV
portmanteau;NV
iridoncus;NV
chanter;NV
feldspar;NV
edging;NV
warrant;NV
depressor;NV
simper;NV
supercharger;NV
pyrene;NV
armagnac;NV
reformer;NV
clavichord;NV
precipice;NV
acoustics;NV
crappie;NV
vouchee;NV
licensee;NV
puller;NV
universality;NV
defacement;NV
injunction;NV
tub;NV
edginess;NV
ceylonite;NV
anasarca;NV
intelligentsia;NV
event;NV
bailiff;NV
fatherliness;NV
catchment;NV
ignoramus;NV
quira;NV
masseter;NV
facula;NV
pen;NV
empire;NV
cotangent;NV
incisor;NV
folliculitis;NV
nape;NV
gobbler;NV
enterolith;NV
hillside;NV
festuca;NV
rod;NV
logomach;NV
blowfly;NV
timing;NV
bronchus;NV
carrel;NV
antigen;NV
iconoscope;NV
debaser;NV
meaninglessness;NV
elk;NV
satan;NV
follicle;NV
huss;NV
minaret;NV
catatonia;NV
sundew;NV
varietal;NV
volatility;NV
playmaker;NV
chromatin;NV
pentahedron;NV
multistage;NV
forger;NV
ascomycete;NV
laryngectomy;NV
discourtesy;NV
ruggedness;NV
community;NV
shoplifting;NV
daze;NV
spitball;NV
serpent;NV
amphigory;NV
rota;NV
broiler;NV
sylph;NV
leviathan;NV
egoism;NV
fractionation;NV
plastering;NV
aneuploidy;NV
positron;NV
fact;NV
resource;NV
certiorari;NV
deathbed;NV
saltwort;NV
mawkishness;NV
autolysis;NV
plagiarism;NV
wight;NV
tagasaste;NV
bassinet;NV
idiom;NV
purgatory;NV
chaulmoogra;NV
physique;NV
jaggedness;NV
desertion;NV
cretonne;NV
cattleman;NV
archidiaconate;NV
timeserver;NV
he;NV
exquisiteness;NV
contradiction;NV
denigration;NV
ninepence;NV
cicerone;NV
luminescence;NV
trivium;NV
patentee;NV
peasantry;NV
rejoicing;NV
glutelin;NV
ostentation;NV
antagonist;NV
scholiast;NV
porterhouse;NV
repressor;NV
nonsmoker;NV
supporter;NV
hater;NV
boatbill;NV
contrivance;NV
bitumen;NV
felony;NV
tachylite;NV
heredity;NV
bobolink;NV
sarracenia;NV
catalepsy;NV
tatouay;NV
handkerchief;NV
congestion;NV
mot;NV
souchong;NV
laparotomy;NV
strawboard;NV
honoree;NV
grantee;NV
saucer;NV
sheathing;NV
pane;NV
unfriendliness;NV
elegy;NV
thought;NV
sclerotomy;NV
runway;NV
atonement;NV
wren;NV
crowbait;NV
foliation;NV
sachem;NV
overpressure;NV
trichloride;NV
zombie;NV
lorgnette;NV
hallel;NV
vat;NV
gibbsite;NV
aftercare;NV
spiritualty;NV
mentality;NV
abstractionism;NV
foundling;NV
stratum;NV
anorthopia;NV
bombshell;NV
attitude;NV
tench;NV
bumpiness;NV
confidant;NV
greenness;NV
sportswear;NV
stateliness;NV
cellularity;NV
plunk;NV
surfacing;NV
guppy;NV
decimation;NV
subtrahend;NV
danaid;NV
grandee;NV
lancelet;NV
veteran;NV
burton;NV
underdog;NV
backsaw;NV
foolscap;NV
pettiness;NV
scaup;NV
polarization;NV
coccidiosis;NV
cobnut;NV
friendship;NV
scurrility;NV
cheeseburger;NV
cupping;NV
aloneness;NV
homonym;NV
bronchiole;NV
phycocyanin;NV
centroid;NV
history;NV
offspring;NV
peptone;NV
couscous;NV
transmigration;NV
nimbleness;NV
sainthood;NV
starflower;NV
anaphylaxis;NV
spirochete;NV
hassel;NV
staggers;NV
resuscitator;NV
proboscidean;NV
noddle;NV
sleeping;NV
environmentalism;NV
parapet;NV
lyre;NV
collodion;NV
midbrain;NV
algorism;NV
redundancy;NV
horizontality;NV
cohesiveness;NV
agglutinin;NV
shrewishness;NV
dicynodont;NV
smallholder;NV
tirade;NV
oligochaete;NV
sherry;NV
chester;NV
proverb;NV
namesake;NV
spiderwort;NV
conversion;NV
dew;NV
cygnet;NV
bequest;NV
thymus;NV
amphibian;NV
supper;NV
countercharge;NV
radiology;NV
androgyny;NV
lorikeet;NV
impetigo;NV
splashboard;NV
paintbrush;NV
beet;NV
chivalry;NV
thyme;NV
guerrilla;NV
bounty;NV
division;NV
modiolus;NV
customs;NV
pyemia;NV
vigilante;NV
conopodium;NV
outfit;NV
leatherwork;NV
austereness;NV
eaves;NV
napalm;NV
muzhik;NV
sowbane;NV
hyphema;NV
sporocarp;NV
neuropsychiatry;NV
magistrate;NV
crowbar;NV
footlights;NV
taffeta;NV
calorie;NV
fairground;NV
xenon;NV
beira;NV
peristyle;NV
unionism;NV
payroll;NV
pemmican;NV
valence;NV
theosophism;NV
polonium;NV
dacoit;NV
achene;NV
pasture;NV
urology;NV
squiggle;NV
hopefulness;NV
sericulturist;NV
sabra;NV
allantois;NV
khedive;NV
tachometer;NV
motif;NV
proton;NV
tamarind;NV
ether;NV
senega;NV
fivepence;NV
doctrine;NV
butyrin;NV
gathering;NV
memorizer;NV
besom;NV
pitman;NV
aide;NV
oldness;NV
frump;NV
meerschaum;NV
hello;NV
urease;NV
peba;NV
crosshead;NV
foulard;NV
pneumatophore;NV
suffragette;NV
broadcaster;NV
hag;NV
exacerbation;NV
cynicism;NV
thyrse;NV
ted;NV
sarcenet;NV
luxation;NV
asperity;NV
ecclesiology;NV
shale;NV
pup;NV
mercy;NV
saponification;NV
absoluteness;NV
tulip;NV
angiitis;NV
protamine;NV
zing;NV
latten;NV
sphagnum;NV
oiler;NV
precedence;NV
absorbency;NV
signboard;NV
rana;NV
ounce;NV
polysyllable;NV
macaw;NV
zoarcidae;NV
nester;NV
snood;NV
arrowworm;NV
grugru;NV
paramnesia;NV
intertrigo;NV
crystal;NV
fellah;NV
nib;NV
begonia;NV
kumquat;NV
commodity;NV
effectiveness;NV
admirer;NV
bubbler;NV
nematode;NV
pederast;NV
flamen;NV
graphologist;NV
cocozelle;NV
quirt;NV
avowal;NV
greatness;NV
manubrium;NV
atonicity;NV
eyespot;NV
iris;NV
thaumatolatry;NV
sirdar;NV
soldierfish;NV
brainwashing;NV
ecarte;NV
romper;NV
sleepiness;NV
vigilantism;NV
wally;NV
induction;NV
agency;NV
abbreviation;NV
lamedh;NV
obstructionist;NV
deposition;NV
reactant;NV
lapboard;NV
intravasation;NV
termination;NV
acidosis;NV
lifeline;NV
armhole;NV
acanthosis;NV
association;NV
policy;NV
duologue;NV
error;NV
tossup;NV
polemicist;NV
skinful;NV
landside;NV
microgametophyte;NV
cooling;NV
ilex;NV
juror;NV
sitar;NV
vasectomy;NV
nautilus;NV
gringo;NV
mestizo;NV
breccia;NV
plush;NV
phototropism;NV
campus;NV
steeplechase;NV
posterity;NV
turnspit;NV
lear;NV
marmoset;NV
rootlet;NV
ull;NV
rutile;NV
declaration;NV
fumigation;NV
forecastle;NV
briar;NV
aspiration;NV
launcher;NV
sial;NV
fingernail;NV
stanza;NV
guise;NV
birth;NV
goiter;NV
monsieur;NV
cavy;NV
aster;NV
libretto;NV
soberness;NV
sprag;NV
taxer;NV
sunstone;NV
indusium;NV
neurology;NV
monotheist;NV
melody;NV
tempestuousness;NV
shot;NV
sinkhole;NV
crag;NV
chrysanthemum;NV
dodecahedron;NV
disparagement;NV
laager;NV
posseman;NV
licorice;NV
digestion;NV
ripsaw;NV
spelter;NV
elongation;NV
centiliter;NV
hellebore;NV
rosinweed;NV
strife;NV
beverage;NV
heptagon;NV
healing;NV
heifer;NV
telepathy;NV
cain;NV
loess;NV
paralepsis;NV
crossbill;NV
brazil;NV
inconsideration;NV
punishment;NV
telling;NV
latitude;NV
phasmid;NV
dialysis;NV
philosophizer;NV
aviation;NV
salad;NV
onychium;NV
motorist;NV
cattle;NV
lied;NV
perspicuity;NV
decapitation;NV
phlegm;NV
reveille;NV
wages;NV
apparentness;NV
torah;NV
wrangler;NV
recto;NV
moorage;NV
father;NV
poi;NV
triazine;NV
vitamin;NV
mescal;NV
desideratum;NV
approval;NV
limestone;NV
auxin;NV
keurboom;NV
naprapathy;NV
comeback;NV
topaz;NV
verdin;NV
coup;NV
dogtrot;NV
weathercock;NV
viverrine;NV
disinterest;NV
carver;NV
distribution;NV
streetcar;NV
provocation;NV
mammy;NV
mucus;NV
auxesis;NV
redetermination;NV
sealer;NV
norm;NV
upturn;NV
geotropism;NV
pallone;NV
hallway;NV
megaloblast;NV
shininess;NV
preoccupation;NV
amyloid;NV
cabotage;NV
khamsin;NV
superoxide;NV
cowboy;NV
picot;NV
abvolt;NV
ratite;NV
fact;NV
mailbox;NV
barograph;NV
agama;NV
moke;NV
microglia;NV
malformation;NV
tyke;NV
sodalist;NV
exultation;NV
senatorship;NV
punctum;NV
employer;NV
perilymph;NV
conifer;NV
catechesis;NV
dilatation;NV
heliozoan;NV
downiness;NV
waterspout;NV
en;NV
killer;NV
knawel;NV
gastroenteritis;NV
hardback;NV
balata;NV
chromatism;NV
tidiness;NV
hygrodeik;NV
lasiocampid;NV
limewater;NV
sapropel;NV
slugger;NV
amen;NV
vernier;NV
dole;NV
breadfruit;NV
wineskin;NV
companionway;NV
roulade;NV
fenugreek;NV
larkspur;NV
figurine;NV
archipallium;NV
territoriality;NV
clergy;NV
convalescence;NV
trichotomy;NV
manul;NV
blackface;NV
orthopter;NV
writ;NV
devolution;NV
leiomyoma;NV
betrothal;NV
zoospore;NV
accumulation;NV
subsidization;NV
gasp;NV
toecap;NV
pleasingness;NV
homonymy;NV
photoelectron;NV
salpingitis;NV
gemination;NV
halberdier;NV
stonefish;NV
j;NV
doorplate;NV
ethnic;NV
vacuolization;NV
platelet;NV
retrospect;NV
beggary;NV
copyhold;NV
whiptail;NV
attainment;NV
yawner;NV
ox;NV
morphea;NV
syllabary;NV
cenobite;NV
bufo;NV
commutator;NV
publicist;NV
fig;NV
corncob;NV
plasterer;NV
pigmentation;NV
federation;NV
lorica;NV
saltiness;NV
rabble;NV
clarity;NV
nonuniformity;NV
foodstuff;NV
frontier;NV
clemency;NV
redistribution;NV
raphe;NV
drought;NV
hypothetical;NV
compulsion;NV
feathertop;NV
keratinization;NV
gerund;NV
millionairess;NV
ass;NV
hotspur;NV
elderberry;NV
cyrus;NV
anthroposophy;NV
jacamar;NV
ate;NV
terror;NV
scissors;NV
drake;NV
elation;NV
wallah;NV
chancellorship;NV
cheerleader;NV
sublieutenant;NV
perplexity;NV
tragus;NV
heiress;NV
scenario;NV
thereness;NV
spirituality;NV
hertz;NV
rootage;NV
selection;NV
nutritiousness;NV
triangle;NV
widowhood;NV
democrat;NV
paternoster;NV
sphygmomanometer;NV
patroness;NV
elapid;NV
emancipator;NV
polyandry;NV
recission;NV
dink;NV
anemography;NV
photometrist;NV
ratel;NV
dungeon;NV
thermopile;NV
cataphyll;NV
euphonium;NV
muskrat;NV
ornamental;NV
tad;NV
dismemberment;NV
portiere;NV
socage;NV
quarrying;NV
retrieval;NV
stairhead;NV
shrewdness;NV
spout;NV
pelvimeter;NV
crier;NV
facet;NV
particularism;NV
chaise;NV
outfitter;NV
retrovision;NV
housewife;NV
patternmaker;NV
grater;NV
day;NV
feist;NV
cupboard;NV
altruism;NV
serology;NV
verdun;NV
abyss;NV
antinomianism;NV
megalosaur;NV
noria;NV
acerbity;NV
mainspring;NV
zoril;NV
impeachment;NV
spectrum;NV
thrombus;NV
swizzle;NV
ptosis;NV
framework;NV
filing;NV
wahoo;NV
goosander;NV
middy;NV
alehouse;NV
minion;NV
tryptophan;NV
sagacity;NV
ectoparasite;NV
substitution;NV
swatch;NV
boa;NV
saying;NV
reincarnation;NV
pedantry;NV
affability;NV
baronet;NV
forlornness;NV
cornet;NV
stemma;NV
intolerance;NV
tellurium;NV
skit;NV
pacification;NV
roller;NV
maker;NV
keeshond;NV
musher;NV
overbite;NV
cholecystitis;NV
tolerance;NV
sugarplum;NV
shad;NV
preformation;NV
populace;NV
usherette;NV
onomatopoeia;NV
dreamer;NV
affidavit;NV
accelerator;NV
mil;NV
transvestite;NV
guzzler;NV
solvability;NV
renegade;NV
crossover;NV
blatancy;NV
stocking;NV
shallu;NV
fiance;NV
wagonwright;NV
melanocyte;NV
grouseberry;NV
ironweed;NV
ulcer;NV
headstand;NV
thane;NV
camper;NV
chemist;NV
tripper;NV
jerboa;NV
taipan;NV
ablation;NV
thermocautery;NV
ocarina;NV
kerygma;NV
turnout;NV
pantheon;NV
agreeableness;NV
extermination;NV
warrantee;NV
penicillin;NV
ideation;NV
bornite;NV
banana;NV
grammarian;NV
hopscotch;NV
bodybuilder;NV
vicuna;NV
monasticism;NV
vampirism;NV
changeling;NV
armamentarium;NV
cairn;NV
antler;NV
hin;NV
behavior;NV
tinter;NV
ivory;NV
occurrence;NV
composure;NV
zloty;NV
reporter;NV
tutelage;NV
truffle;NV
lissomeness;NV
immorality;NV
diplotene;NV
endolymph;NV
quittance;NV
apar;NV
jewel;NV
atomization;NV
litmus;NV
phylactery;NV
roundness;NV
flan;NV
dumping;NV
woman;NV
epidemiologist;NV
humate;NV
betatron;NV
buddy;NV
saddlery;NV
dysprosium;NV
validation;NV
stinkhorn;NV
settler;NV
snorter;NV
cyanamide;NV
godparent;NV
firewood;NV
parsley;NV
rheumatic;NV
concentricity;NV
leakiness;NV
crosse;NV
perithecium;NV
hayloft;NV
micronutrient;NV
capon;NV
genocide;NV
setting;NV
puppetry;NV
motet;NV
binnacle;NV
protoplasm;NV
wheeler;NV
misquotation;NV
massif;NV
deckle;NV
simony;NV
blandness;NV
eldership;NV
overlord;NV
marmite;NV
comer;NV
platinum;NV
haik;NV
disbandment;NV
lek;NV
crusher;NV
meddling;NV
vulcanizer;NV
tripos;NV
jejunitis;NV
classification;NV
unction;NV
superfetation;NV
stroma;NV
sensualism;NV
serum;NV
mazurka;NV
barbital;NV
clunch;NV
wastrel;NV
pronucleus;NV
drumming;NV
lightness;NV
gasbag;NV
gossamer;NV
sloop;NV
chimaera;NV
dietetics;NV
thriftlessness;NV
doe;NV
cantata;NV
speeder;NV
mucor;NV
ballade;NV
rushlight;NV
banishment;NV
roughage;NV
denotatum;NV
implosion;NV
antlia;NV
revival;NV
triangulation;NV
lacebark;NV
crocket;NV
lechery;NV
minge;NV
stovepipe;NV
oath;NV
despite;NV
disability;NV
mihrab;NV
cytology;NV
highball;NV
subcommittee;NV
allocation;NV
wood;NV
citizenship;NV
aerobe;NV
treachery;NV
chantry;NV
mounting;NV
plurality;NV
environs;NV
orthoepy;NV
disgustingness;NV
trisomy;NV
dolmen;NV
endomorphy;NV
dialectician;NV
disfranchisement;NV
bunchberry;NV
inconspicuousness;NV
gastropod;NV
misology;NV
carditis;NV
metamere;NV
necklet;NV
password;NV
etiquette;NV
hygienist;NV
moiety;NV
marketing;NV
insufflation;NV
ivy;NV
tantalite;NV
famine;NV
acyl;NV
overview;NV
grandiosity;NV
longboat;NV
tinnitus;NV
tenement;NV
ephemera;NV
samovar;NV
burdensomeness;NV
fasces;NV
sword;NV
perigee;NV
rook;NV
standardizer;NV
pen;NV
enteritis;NV
acceptability;NV
cobber;NV
marijuana;NV
doggedness;NV
transactor;NV
maidenhair;NV
grandchild;NV
gladiator;NV
shanny;NV
grocery;NV
burette;NV
octave;NV
tragicomedy;NV
scalage;NV
counterespionage;NV
hirsuteness;NV
groundlessness;NV
rubicelle;NV
heather;NV
internee;NV
wealth;NV
stria;NV
deceleration;NV
jinks;NV
retailer;NV
rote;NV
honeydew;NV
taskmaster;NV
inaction;NV
extrusion;NV
acarine;NV
honker;NV
handset;NV
deepness;NV
aucuba;NV
ribald;NV
encephalomyelitis;NV
tuna;NV
hardtack;NV
airport;NV
inamorata;NV
washday;NV
bane;NV
alienee;NV
fenestra;NV
mash;NV
oosphere;NV
manikin;NV
expert;NV
redbud;NV
motmot;NV
vintager;NV
quartzite;NV
workbook;NV
calyculus;NV
merlin;NV
sibilant;NV
snowcap;NV
magnitude;NV
mindfulness;NV
orthicon;NV
bullying;NV
edema;NV
indirection;NV
lavage;NV
sensitivity;NV
apishamore;NV
ejection;NV
committeeman;NV
polonaise;NV
shamelessness;NV
maleate;NV
antisyphilitic;NV
quiff;NV
vacuole;NV
subterfuge;NV
galloway;NV
hospice;NV
gearbox;NV
fife;NV
trident;NV
workhouse;NV
subfigure;NV
bloodroot;NV
chalaza;NV
raceabout;NV
gainer;NV
voucher;NV
quipu;NV
lipoprotein;NV
gravelweed;NV
driftwood;NV
trait;NV
sloe;NV
capitalism;NV
tropopause;NV
meconium;NV
mutterer;NV
longwool;NV
grebe;NV
strainer;NV
moth;NV
foe;NV
q;NV
tradition;NV
jodhpurs;NV
bulldozer;NV
eccentricity;NV
tombola;NV
crustacean;NV
filet;NV
thrum;NV
tricycle;NV
wick;NV
resin;NV
animism;NV
prefect;NV
liberalization;NV
northland;NV
decontamination;NV
lullaby;NV
shaper;NV
individuality;NV
poe;NV
tibia;NV
divarication;NV
headman;NV
amphibology;NV
arthrodesis;NV
bugler;NV
sanctimoniousness;NV
dextrin;NV
armchair;NV
choirmaster;NV
dyer;NV
flotsam;NV
sheepskin;NV
puffin;NV
genetics;NV
walrus;NV
osteostracan;NV
silversmith;NV
cartload;NV
week;NV
officiant;NV
glossalgia;NV
storyteller;NV
trifler;NV
sorceress;NV
lipemia;NV
stalker;NV
terbium;NV
beatitude;NV
beagle;NV
responsibility;NV
hypertonia;NV
tripletail;NV
goral;NV
cantala;NV
thiazine;NV
cookout;NV
morsel;NV
focalization;NV
ardeb;NV
consonance;NV
debater;NV
pleasantry;NV
nitrobenzene;NV
perianth;NV
bowfin;NV
loathsomeness;NV
sully;NV
tobacconist;NV
zanthoxylum;NV
interdiction;NV
workbench;NV
skeptic;NV
dystrophy;NV
patron;NV
tippet;NV
dislocation;NV
whipping;NV
fog;NV
timework;NV
epithelium;NV
pinesap;NV
serviceability;NV
bowler;NV
colostomy;NV
molybdenum;NV
andiron;NV
burbot;NV
huckster;NV
ointment;NV
elopement;NV
progression;NV
eros;NV
conveyer;NV
scrofula;NV
sitter;NV
musette;NV
hickey;NV
snarer;NV
subtracter;NV
theorist;NV
uveitis;NV
ploce;NV
factotum;NV
stronghold;NV
sleekness;NV
recompense;NV
chalcedony;NV
treasurership;NV
radiation;NV
morphine;NV
rolling;NV
pasha;NV
luxuriation;NV
coydog;NV
bombardier;NV
immortelle;NV
homophone;NV
swinger;NV
antitrades;NV
dipsomania;NV
plowman;NV
shiner;NV
trichloroethylene;NV
ahuehuete;NV
egalitarianism;NV
synod;NV
embellishment;NV
laziness;NV
silviculture;NV
vanguard;NV
ombudsman;NV
subpart;NV
jute;NV
inconclusiveness;NV
bangle;NV
polyptoton;NV
abortus;NV
honeybee;NV
snobbery;NV
governorship;NV
roundhead;NV
burying;NV
stamper;NV
sorgo;NV
sharkskin;NV
hemiplegia;NV
oocyte;NV
sciolism;NV
hydroxyl;NV
drawknife;NV
systematics;NV
igniter;NV
myringotomy;NV
salability;NV
envelope;NV
ingenuity;NV
inactivation;NV
sealant;NV
serialization;NV
spacing;NV
callosity;NV
synchroscope;NV
scalenus;NV
bison;NV
meed;NV
agelessness;NV
quartering;NV
urbanity;NV
aquavit;NV
arbutus;NV
bourbon;NV
ulna;NV
accentuation;NV
turbot;NV
eelworm;NV
subversion;NV
deflagration;NV
graveness;NV
nickname;NV
usurpation;NV
furlong;NV
dolomite;NV
secularist;NV
superego;NV
dropper;NV
asymmetry;NV
puddingwife;NV
blackheart;NV
jumper;NV
nonworker;NV
vasodilator;NV
epithet;NV
singles;NV
jewelry;NV
cogency;NV
epicycle;NV
practitioner;NV
manganese;NV
gunnel;NV
whacker;NV
elevation;NV
indication;NV
margarita;NV
gentleness;NV
blockhouse;NV
reinforcement;NV
xerography;NV
treaty;NV
pulley;NV
cushaw;NV
measurer;NV
breakdown;NV
myriameter;NV
virga;NV
pliers;NV
centralism;NV
trimester;NV
aldohexose;NV
nummulite;NV
r;NV
tanga;NV
incapacity;NV
tyrocidine;NV
viscount;NV
bending;NV
biliousness;NV
manufacturer;NV
colorlessness;NV
misconduct;NV
smorgasbord;NV
hogshead;NV
handclap;NV
rhetoric;NV
sensationalist;NV
brougham;NV
diary;NV
bap;NV
loaner;NV
adornment;NV
enactment;NV
dosser;NV
chamois;NV
authoress;NV
lumper;NV
oversimplification;NV
deodorant;NV
cleaner;NV
plebiscite;NV
capriccio;NV
hagberry;NV
exhilaration;NV
revolution;NV
cobaltite;NV
dactylorhiza;NV
xylem;NV
cake;NV
raffia;NV
dairying;NV
complexity;NV
schnabel;NV
osteoclast;NV
resort;NV
gilt;NV
choking;NV
incomprehension;NV
proline;NV
pavement;NV
containment;NV
truancy;NV
practicality;NV
sameness;NV
bullion;NV
midwinter;NV
technology;NV
parchment;NV
catarrh;NV
tonsillitis;NV
needlework;NV
gig;NV
synonymist;NV
pillion;NV
monster;NV
empiricism;NV
dreg;NV
milkman;NV
disk;NV
locket;NV
matriarch;NV
